family,bucket,signal_id,event_time,score,threshold,gate_on,signal_net_R,filled
ROUTER_ONLY,2022,287,2022-01-19 04:00:00+00:00,0.21096180140578114,0.200151358587202,True,0.0,False
ROUTER_ONLY,2022,293,2022-01-21 20:00:00+00:00,0.1969592991298954,0.200151358587202,False,0.0,False
ROUTER_ONLY,2022,295,2022-01-22 20:00:00+00:00,0.17526990814899898,0.200151358587202,False,0.0,False
ROUTER_ONLY,2022,347,2022-04-03 23:15:00+00:00,0.25825378550940903,0.200151358587202,True,-1.2383556843833388,True
ROUTER_ONLY,2022,373,2022-05-01 20:45:00+00:00,0.2624312104567414,0.200151358587202,True,0.0,False
ROUTER_ONLY,2022,382,2022-05-08 17:30:00+00:00,0.2679461878812504,0.200151358587202,True,1.4035757523939782,True
ROUTER_ONLY,2022,386,2022-05-09 18:45:00+00:00,0.11237089258335374,0.200151358587202,False,1.4777649501175851,True
ROUTER_ONLY,2022,399,2022-05-12 04:45:00+00:00,-0.0321897262988973,0.200151358587202,False,-1.0276462783041593,True
ROUTER_ONLY,2022,421,2022-06-13 08:00:00+00:00,0.06286345889826586,0.200151358587202,False,-1.033783148716824,True
ROUTER_ONLY,2022,422,2022-06-13 12:00:00+00:00,-0.052224883923453286,0.200151358587202,False,0.0,False
ROUTER_ONLY,2022,423,2022-06-13 16:00:00+00:00,-0.09749781215734443,0.200151358587202,False,0.0,False
ROUTER_ONLY,2022,424,2022-06-13 21:30:00+00:00,0.08708526381492762,0.200151358587202,False,0.0,False
ROUTER_ONLY,2022,425,2022-06-14 01:30:00+00:00,0.059385293261326966,0.200151358587202,False,0.0,False
ROUTER_ONLY,2022,427,2022-06-14 11:15:00+00:00,0.2376284088764869,0.200151358587202,True,1.456979318423436,True
ROUTER_ONLY,2022,429,2022-06-14 21:45:00+00:00,0.17599604905113694,0.200151358587202,False,0.0,False
ROUTER_ONLY,2022,430,2022-06-15 03:45:00+00:00,0.20728253056579815,0.200151358587202,True,-1.0395714550853747,True
ROUTER_ONLY,2022,435,2022-06-16 09:30:00+00:00,0.2840510046938326,0.200151358587202,True,-1.0499841529277996,True
ROUTER_ONLY,2022,445,2022-06-27 14:15:00+00:00,0.2536354975807309,0.200151358587202,True,1.3904135861482891,True
ROUTER_ONLY,2022,446,2022-06-30 06:45:00+00:00,0.19950920953963566,0.200151358587202,False,-1.0573156272231443,True
ROUTER_ONLY,2022,460,2022-07-26 00:00:00+00:00,0.23989609170443094,0.200151358587202,True,-1.0581104113958861,True
ROUTER_ONLY,2022,471,2022-08-19 23:00:00+00:00,0.20618772021214007,0.200151358587202,True,1.4446014016703022,True
ROUTER_ONLY,2022,496,2022-09-19 06:15:00+00:00,0.10276087415723026,0.200151358587202,False,-1.0979385656436487,True
ROUTER_ONLY,2022,501,2022-09-21 21:45:00+00:00,0.11717665735548866,0.200151358587202,False,-1.0565466722027435,True
ROUTER_ONLY,2022,507,2022-09-28 02:30:00+00:00,0.2038193921725551,0.200151358587202,True,0.0,False
ROUTER_ONLY,2022,529,2022-11-06 23:45:00+00:00,0.2410619897420882,0.200151358587202,True,1.3344379758883271,True
ROUTER_ONLY,2022,533,2022-11-08 18:30:00+00:00,0.15048752799374393,0.200151358587202,False,-1.025605475862069,True
ROUTER_ONLY,2022,534,2022-11-09 03:00:00+00:00,0.040943456341033774,0.200151358587202,False,0.0,False
ROUTER_ONLY,2022,535,2022-11-09 09:30:00+00:00,0.09771859126456951,0.200151358587202,False,-1.038582905275988,True
ROUTER_ONLY,2022,537,2022-11-09 19:30:00+00:00,0.16308731790129843,0.200151358587202,False,0.0,False
ROUTER_ONLY,2022,538,2022-11-10 00:00:00+00:00,-0.05214064101262622,0.200151358587202,False,-1.0139456388728374,True
ROUTER_ONLY,2022,539,2022-11-10 05:00:00+00:00,0.1636154331235435,0.200151358587202,False,0.0,False
ROUTER_ONLY,2022,540,2022-11-10 10:45:00+00:00,0.1590859320901109,0.200151358587202,False,1.4478619698518145,True
ROUTER_ONLY,2022,545,2022-11-14 06:30:00+00:00,0.11140197025210441,0.200151358587202,False,-0.00815488869222995,True
ROUTER_ONLY,2023,585,2023-01-21 22:45:00+00:00,0.11850866008529319,0.12051504104423262,False,0.0,False
ROUTER_ONLY,2023,637,2023-03-23 14:45:00+00:00,0.011066956604092723,0.12051504104423262,False,0.5430045929883698,True
ROUTER_ONLY,2023,638,2023-03-24 21:15:00+00:00,0.04901258902610785,0.12051504104423262,False,1.4646891363481807,True
ROUTER_ONLY,2023,639,2023-03-27 14:45:00+00:00,0.14383374385801648,0.12051504104423262,True,0.4356368596322149,True
ROUTER_ONLY,2023,643,2023-04-17 00:45:00+00:00,0.08900995446147675,0.12051504104423262,False,1.3769222043144078,True
ROUTER_ONLY,2023,725,2023-08-17 20:30:00+00:00,0.31225591868995123,0.12051504104423262,True,-1.1064212307692307,True
ROUTER_ONLY,2023,726,2023-08-18 01:00:00+00:00,-0.5679626940226792,0.12051504104423262,False,0.0,False
ROUTER_ONLY,2023,727,2023-08-18 05:15:00+00:00,-0.30008342715899466,0.12051504104423262,False,-1.1432106942041529,True
ROUTER_ONLY,2023,824,2023-12-11 02:00:00+00:00,0.03488095997730138,0.12051504104423262,False,0.0,False
ROUTER_ONLY,2024,899,2024-03-05 19:30:00+00:00,0.25824616248464727,0.13341671926815749,True,-1.0180894729718597,True
ROUTER_ONLY,2024,901,2024-03-06 04:45:00+00:00,0.20773508891104397,0.13341671926815749,True,-1.0331323912623038,True
ROUTER_ONLY,2024,909,2024-03-15 08:45:00+00:00,0.27513614514298335,0.13341671926815749,True,-1.061165989010989,True
ROUTER_ONLY,2024,911,2024-03-17 06:45:00+00:00,0.09074546259307725,0.13341671926815749,False,1.4571426116154378,True
ROUTER_ONLY,2024,913,2024-03-19 07:00:00+00:00,0.3085713674223486,0.13341671926815749,True,0.0,False
ROUTER_ONLY,2024,915,2024-03-19 22:45:00+00:00,0.052199776418639016,0.13341671926815749,False,-1.0842945170347178,True
ROUTER_ONLY,2024,916,2024-03-20 04:15:00+00:00,0.06197320939786359,0.13341671926815749,False,-1.0493714105712588,True
ROUTER_ONLY,2024,929,2024-04-14 03:00:00+00:00,0.17522384720455747,0.13341671926815749,True,0.0,False
ROUTER_ONLY,2024,966,2024-06-11 02:00:00+00:00,0.2923921537398614,0.13341671926815749,True,-1.0873500281121433,True
ROUTER_ONLY,2024,977,2024-06-24 20:30:00+00:00,0.008857428084213498,0.13341671926815749,False,0.0,False
ROUTER_ONLY,2024,978,2024-06-25 03:00:00+00:00,0.2911975284152139,0.13341671926815749,True,-1.0462513909356113,True
ROUTER_ONLY,2024,987,2024-07-03 02:30:00+00:00,0.27037792739863464,0.13341671926815749,True,-1.086441432453087,True
ROUTER_ONLY,2024,989,2024-07-04 08:30:00+00:00,0.2625633158497418,0.13341671926815749,True,1.4699161565323489,True
ROUTER_ONLY,2024,990,2024-07-04 13:30:00+00:00,0.26391012253117163,0.13341671926815749,True,0.0,False
ROUTER_ONLY,2024,992,2024-07-05 03:30:00+00:00,0.061160974523934285,0.13341671926815749,False,-1.120568985462959,True
ROUTER_ONLY,2024,993,2024-07-05 10:00:00+00:00,0.17399675470459308,0.13341671926815749,True,0.0,False
ROUTER_ONLY,2024,996,2024-07-08 01:15:00+00:00,0.00477235220187365,0.13341671926815749,False,1.4519631375797524,True
ROUTER_ONLY,2024,1005,2024-07-16 07:15:00+00:00,0.19653786477491142,0.13341671926815749,True,-1.0838392842841515,True
ROUTER_ONLY,2024,1024,2024-08-04 18:30:00+00:00,0.1989230334544955,0.13341671926815749,True,-1.1359993963595836,True
ROUTER_ONLY,2024,1025,2024-08-05 00:00:00+00:00,0.12678762833723606,0.13341671926815749,False,-1.0339265618867521,True
ROUTER_ONLY,2024,1026,2024-08-05 05:00:00+00:00,0.21594291398692267,0.13341671926815749,True,-1.0206127760252366,True
ROUTER_ONLY,2024,1035,2024-08-08 01:30:00+00:00,0.28094226866378746,0.13341671926815749,True,0.0,False
ROUTER_ONLY,2024,1038,2024-08-11 20:45:00+00:00,0.11368055973816577,0.13341671926815749,False,1.4020610230934474,True
ROUTER_ONLY,2024,1052,2024-09-06 21:45:00+00:00,0.12559020169219154,0.13341671926815749,False,0.0,False
ROUTER_ONLY,2024,1068,2024-10-03 08:15:00+00:00,0.22554450038081897,0.13341671926815749,True,1.4203521842732336,True
ROUTER_ONLY,2024,1091,2024-11-01 01:45:00+00:00,0.2686209408030714,0.13341671926815749,True,1.4538744019458474,True
ROUTER_ONLY,2024,1096,2024-11-04 22:30:00+00:00,0.18808101360402457,0.13341671926815749,True,-1.182564474038197,True
ROUTER_ONLY,2024,1131,2024-12-10 03:00:00+00:00,0.2589797784688757,0.13341671926815749,True,1.4481838359639232,True
ROUTER_ONLY,2024,1140,2024-12-19 02:15:00+00:00,0.13945486795512868,0.13341671926815749,True,0.0,False
ROUTER_ONLY,2024,1142,2024-12-19 19:45:00+00:00,0.24394987138510277,0.13341671926815749,True,-1.0486501066548615,True
ROUTER_ONLY,2024,1143,2024-12-20 07:30:00+00:00,0.22098151909447444,0.13341671926815749,True,0.0,False
ROUTER_ONLY,2024,1144,2024-12-20 11:30:00+00:00,0.018342894601559787,0.13341671926815749,False,1.452651148708725,True
ROUTER_ONLY,2024,1147,2024-12-23 03:15:00+00:00,0.22767987800815448,0.13341671926815749,True,-1.1248977403193803,True
ROUTER_ONLY,2025,1170,2025-01-20 06:30:00+00:00,0.059596232821507236,0.034306454733883954,True,-1.0247792787621195,True
ROUTER_ONLY,2025,1177,2025-01-26 23:30:00+00:00,0.13342560562532146,0.034306454733883954,True,-1.130335278003245,True
ROUTER_ONLY,2025,1178,2025-01-27 07:15:00+00:00,0.032057548503452604,0.034306454733883954,False,0.0,False
ROUTER_ONLY,2025,1198,2025-02-28 09:15:00+00:00,-0.13825920154929447,0.034306454733883954,False,0.0,False
ROUTER_ONLY,2025,1223,2025-04-06 23:15:00+00:00,0.09396747735703398,0.034306454733883954,True,0.0,False
ROUTER_ONLY,2025,1224,2025-04-07 06:15:00+00:00,-0.010669991270994682,0.034306454733883954,False,1.4686016763787548,True
ROUTER_ONLY,2025,1251,2025-05-13 04:45:00+00:00,0.08552006922966582,0.034306454733883954,True,0.0,False
ROUTER_ONLY,2025,1256,2025-05-19 03:45:00+00:00,0.07678504234053041,0.034306454733883954,True,-1.117698406193079,True
ROUTER_ONLY,2025,1257,2025-05-19 07:45:00+00:00,0.06722200114711141,0.034306454733883954,True,1.2308054687092957,True
ROUTER_ONLY,2025,1286,2025-06-21 21:45:00+00:00,0.17771102691585106,0.034306454733883954,True,0.0,False
ROUTER_ONLY,2025,1288,2025-06-22 21:00:00+00:00,0.07104532549810763,0.034306454733883954,True,-1.105889405599609,True
ROUTER_ONLY,2025,1311,2025-07-24 04:15:00+00:00,0.026629040531597002,0.034306454733883954,False,-1.1817584171975541,True
ROUTER_ONLY,2025,1343,2025-08-29 07:30:00+00:00,0.05751888541487835,0.034306454733883954,True,-1.200929553264599,True
ROUTER_ONLY,2025,1377,2025-10-11 03:30:00+00:00,-0.343133616137067,0.034306454733883954,False,0.0,False
ROUTER_ONLY,2025,1378,2025-10-11 07:30:00+00:00,-0.22207689011872508,0.034306454733883954,False,1.3892196312799838,True
ROUTER_ONLY,2025,1379,2025-10-12 00:30:00+00:00,0.0941370802196825,0.034306454733883954,True,0.0,False
ROUTER_ONLY,2025,1382,2025-10-14 10:15:00+00:00,0.054518472067141825,0.034306454733883954,True,1.4109227255070167,True
ROUTER_ONLY,2025,1384,2025-10-15 03:15:00+00:00,0.03462769662905331,0.034306454733883954,True,1.4003407780210413,True
ROUTER_ONLY,2025,1388,2025-10-17 11:00:00+00:00,-0.08165595067690823,0.034306454733883954,False,1.4574042903564022,True
ROUTER_ONLY,2025,1392,2025-10-21 04:30:00+00:00,0.06103631070149188,0.034306454733883954,True,1.3739333157709879,True
ROUTER_ONLY,2025,1400,2025-10-30 12:30:00+00:00,0.14158355121149238,0.034306454733883954,True,-1.0894211267954834,True
ROUTER_ONLY,2025,1418,2025-11-14 20:45:00+00:00,0.14285098313921138,0.034306454733883954,True,1.3220246157041988,True
ROUTER_ONLY,2025,1421,2025-11-18 03:15:00+00:00,0.0988877479408658,0.034306454733883954,True,1.4163377544552982,True
ROUTER_ONLY,2025,1428,2025-11-20 23:30:00+00:00,0.19283808825202095,0.034306454733883954,True,-1.0820036712592844,True
ROUTER_ONLY,2025,1430,2025-11-21 12:15:00+00:00,0.05261959457956624,0.034306454733883954,True,0.0,False
ROUTER_ONLY,2025,1431,2025-11-21 16:45:00+00:00,0.12287047106025603,0.034306454733883954,True,0.0,False
ROUTER_ONLY,2025,1432,2025-11-21 21:15:00+00:00,0.1385851228178983,0.034306454733883954,True,1.425568036565561,True
ROUTER_ONLY,2026_JAN_JUL,1479,2026-01-30 06:30:00+00:00,-0.03179989015178196,0.06423234037213991,False,0.0,False
ROUTER_ONLY,2026_JAN_JUL,1482,2026-01-31 18:30:00+00:00,0.13400984389301035,0.06423234037213991,True,0.0,False
ROUTER_ONLY,2026_JAN_JUL,1487,2026-02-02 04:15:00+00:00,-0.0018108040359646471,0.06423234037213991,False,0.0,False
ROUTER_ONLY,2026_JAN_JUL,1492,2026-02-04 01:00:00+00:00,-0.021084862744677163,0.06423234037213991,False,0.0,False
ROUTER_ONLY,2026_JAN_JUL,1499,2026-02-05 19:45:00+00:00,0.0692671395528516,0.06423234037213991,True,-1.0444525,True
ROUTER_ONLY,2026_JAN_JUL,1500,2026-02-05 23:45:00+00:00,-0.02635842558979261,0.06423234037213991,False,-1.034880257544283,True
ROUTER_ONLY,2026_JAN_JUL,1501,2026-02-06 05:30:00+00:00,0.11967857876731658,0.06423234037213991,True,1.4455458216263288,True
ROUTER_ONLY,2026_JAN_JUL,1502,2026-02-06 09:30:00+00:00,0.12220136127696658,0.06423234037213991,True,-1.065786027699839,True
ROUTER_ONLY,2026_JAN_JUL,1512,2026-02-28 06:30:00+00:00,0.12345391078525536,0.06423234037213991,True,1.4684004117190763,True
ROUTER_ONLY,2026_JAN_JUL,1529,2026-03-23 06:45:00+00:00,-0.000524181866855912,0.06423234037213991,False,1.3637536198367077,True
ROUTER_ONLY,2026_JAN_JUL,1540,2026-04-07 10:45:00+00:00,0.09134911990605202,0.06423234037213991,True,1.3802015675029056,True
ROUTER_ONLY,2026_JAN_JUL,1560,2026-05-11 03:00:00+00:00,0.06351340958827416,0.06423234037213991,False,0.0,False
ROUTER_ONLY,2026_JAN_JUL,1571,2026-05-24 22:45:00+00:00,0.1044689161461115,0.06423234037213991,True,-1.180329695193435,True
ROUTER_ONLY,2026_JAN_JUL,1581,2026-06-02 01:45:00+00:00,0.05565932463704586,0.06423234037213991,False,-1.0999833304959745,True
ROUTER_ONLY,2026_JAN_JUL,1582,2026-06-02 09:15:00+00:00,-0.04365225098118111,0.06423234037213991,False,0.0,False
ROUTER_ONLY,2026_JAN_JUL,1584,2026-06-02 21:15:00+00:00,-0.021410199092058962,0.06423234037213991,False,0.0,False
ROUTER_ONLY,2026_JAN_JUL,1585,2026-06-03 03:30:00+00:00,0.17178858048173984,0.06423234037213991,True,1.437522232079828,True
ROUTER_ONLY,2026_JAN_JUL,1588,2026-06-04 01:45:00+00:00,0.009044698948868078,0.06423234037213991,False,1.4600713293355905,True
ROUTER_ONLY,2026_JAN_JUL,1592,2026-06-05 02:30:00+00:00,0.035144058759361725,0.06423234037213991,False,1.4143561659776038,True
ROUTER_ONLY,2026_JAN_JUL,1597,2026-06-06 04:00:00+00:00,0.004225791229812904,0.06423234037213991,False,1.4616447932717003,True
ROUTER_ONLY,2026_JAN_JUL,1598,2026-06-06 10:15:00+00:00,0.05795962378865806,0.06423234037213991,False,1.3855759065590558,True
ROUTER_ONLY,2026_JAN_JUL,1630,2026-07-31 02:00:00+00:00,0.030132443014100216,0.06423234037213991,False,-1.2190864965986394,True
TREND_ONLY,2022,287,2022-01-19 04:00:00+00:00,-0.09239526377867485,0.18431813969261646,False,0.0,False
TREND_ONLY,2022,293,2022-01-21 20:00:00+00:00,-0.002014438837767474,0.18431813969261646,False,0.0,False
TREND_ONLY,2022,295,2022-01-22 20:00:00+00:00,1.0288653431269874,0.18431813969261646,True,0.0,False
TREND_ONLY,2022,347,2022-04-03 23:15:00+00:00,0.2258236590801027,0.18431813969261646,True,-1.2383556843833388,True
TREND_ONLY,2022,373,2022-05-01 20:45:00+00:00,0.34035860453977473,0.18431813969261646,True,0.0,False
TREND_ONLY,2022,382,2022-05-08 17:30:00+00:00,9.61809971441463e-05,0.18431813969261646,False,1.4035757523939782,True
TREND_ONLY,2022,386,2022-05-09 18:45:00+00:00,0.05428412035314717,0.18431813969261646,False,1.4777649501175851,True
TREND_ONLY,2022,399,2022-05-12 04:45:00+00:00,-0.12202856943786794,0.18431813969261646,False,-1.0276462783041593,True
TREND_ONLY,2022,421,2022-06-13 08:00:00+00:00,0.2587358576582963,0.18431813969261646,True,-1.033783148716824,True
TREND_ONLY,2022,422,2022-06-13 12:00:00+00:00,0.7913687206827653,0.18431813969261646,True,0.0,False
TREND_ONLY,2022,423,2022-06-13 16:00:00+00:00,0.8028969484042074,0.18431813969261646,True,0.0,False
TREND_ONLY,2022,424,2022-06-13 21:30:00+00:00,0.2145886839847166,0.18431813969261646,True,0.0,False
TREND_ONLY,2022,425,2022-06-14 01:30:00+00:00,0.11688616271477831,0.18431813969261646,False,0.0,False
TREND_ONLY,2022,427,2022-06-14 11:15:00+00:00,-0.05611849695226584,0.18431813969261646,False,1.456979318423436,True
TREND_ONLY,2022,429,2022-06-14 21:45:00+00:00,-0.085893860648175,0.18431813969261646,False,0.0,False
TREND_ONLY,2022,430,2022-06-15 03:45:00+00:00,-0.13179077463724054,0.18431813969261646,False,-1.0395714550853747,True
TREND_ONLY,2022,435,2022-06-16 09:30:00+00:00,-0.3176540487061837,0.18431813969261646,False,-1.0499841529277996,True
TREND_ONLY,2022,445,2022-06-27 14:15:00+00:00,-0.529824658582351,0.18431813969261646,False,1.3904135861482891,True
TREND_ONLY,2022,446,2022-06-30 06:45:00+00:00,-0.5897305862207216,0.18431813969261646,False,-1.0573156272231443,True
TREND_ONLY,2022,460,2022-07-26 00:00:00+00:00,0.13935443628537614,0.18431813969261646,False,-1.0581104113958861,True
TREND_ONLY,2022,471,2022-08-19 23:00:00+00:00,0.28640982157370026,0.18431813969261646,True,1.4446014016703022,True
TREND_ONLY,2022,496,2022-09-19 06:15:00+00:00,0.17665797365065627,0.18431813969261646,False,-1.0979385656436487,True
TREND_ONLY,2022,501,2022-09-21 21:45:00+00:00,-0.006738970260017824,0.18431813969261646,False,-1.0565466722027435,True
TREND_ONLY,2022,507,2022-09-28 02:30:00+00:00,-0.021044198244273588,0.18431813969261646,False,0.0,False
TREND_ONLY,2022,529,2022-11-06 23:45:00+00:00,0.11617553446588941,0.18431813969261646,False,1.3344379758883271,True
TREND_ONLY,2022,533,2022-11-08 18:30:00+00:00,0.26567231562886806,0.18431813969261646,True,-1.025605475862069,True
TREND_ONLY,2022,534,2022-11-09 03:00:00+00:00,0.28003091733082786,0.18431813969261646,True,0.0,False
TREND_ONLY,2022,535,2022-11-09 09:30:00+00:00,0.2684188693470271,0.18431813969261646,True,-1.038582905275988,True
TREND_ONLY,2022,537,2022-11-09 19:30:00+00:00,0.5927178019071989,0.18431813969261646,True,0.0,False
TREND_ONLY,2022,538,2022-11-10 00:00:00+00:00,0.6731496644515925,0.18431813969261646,True,-1.0139456388728374,True
TREND_ONLY,2022,539,2022-11-10 05:00:00+00:00,0.5958572904629917,0.18431813969261646,True,0.0,False
TREND_ONLY,2022,540,2022-11-10 10:45:00+00:00,0.1553737238103533,0.18431813969261646,False,1.4478619698518145,True
TREND_ONLY,2022,545,2022-11-14 06:30:00+00:00,0.6549764473690194,0.18431813969261646,True,-0.00815488869222995,True
TREND_ONLY,2023,585,2023-01-21 22:45:00+00:00,0.44616113905619464,0.08868368022589132,True,0.0,False
TREND_ONLY,2023,637,2023-03-23 14:45:00+00:00,-0.213033383418557,0.08868368022589132,False,0.5430045929883698,True
TREND_ONLY,2023,638,2023-03-24 21:15:00+00:00,0.2213907673193341,0.08868368022589132,True,1.4646891363481807,True
TREND_ONLY,2023,639,2023-03-27 14:45:00+00:00,0.20646571201154984,0.08868368022589132,True,0.4356368596322149,True
TREND_ONLY,2023,643,2023-04-17 00:45:00+00:00,0.22838912318418492,0.08868368022589132,True,1.3769222043144078,True
TREND_ONLY,2023,725,2023-08-17 20:30:00+00:00,0.06702630847517346,0.08868368022589132,False,-1.1064212307692307,True
TREND_ONLY,2023,726,2023-08-18 01:00:00+00:00,0.12784428822135843,0.08868368022589132,True,0.0,False
TREND_ONLY,2023,727,2023-08-18 05:15:00+00:00,0.15734639650179663,0.08868368022589132,True,-1.1432106942041529,True
TREND_ONLY,2023,824,2023-12-11 02:00:00+00:00,0.2496538560846373,0.08868368022589132,True,0.0,False
TREND_ONLY,2024,899,2024-03-05 19:30:00+00:00,0.6944413634341529,0.0809878922333914,True,-1.0180894729718597,True
TREND_ONLY,2024,901,2024-03-06 04:45:00+00:00,-0.5296329644770399,0.0809878922333914,False,-1.0331323912623038,True
TREND_ONLY,2024,909,2024-03-15 08:45:00+00:00,0.5544438404742978,0.0809878922333914,True,-1.061165989010989,True
TREND_ONLY,2024,911,2024-03-17 06:45:00+00:00,0.3643317064521903,0.0809878922333914,True,1.4571426116154378,True
TREND_ONLY,2024,913,2024-03-19 07:00:00+00:00,0.3215908704998393,0.0809878922333914,True,0.0,False
TREND_ONLY,2024,915,2024-03-19 22:45:00+00:00,0.3322018117276925,0.0809878922333914,True,-1.0842945170347178,True
TREND_ONLY,2024,916,2024-03-20 04:15:00+00:00,0.26685245711708905,0.0809878922333914,True,-1.0493714105712588,True
TREND_ONLY,2024,929,2024-04-14 03:00:00+00:00,0.03419377144329723,0.0809878922333914,False,0.0,False
TREND_ONLY,2024,966,2024-06-11 02:00:00+00:00,0.18820950457973437,0.0809878922333914,True,-1.0873500281121433,True
TREND_ONLY,2024,977,2024-06-24 20:30:00+00:00,-0.05715620820331868,0.0809878922333914,False,0.0,False
TREND_ONLY,2024,978,2024-06-25 03:00:00+00:00,0.16486744541455012,0.0809878922333914,True,-1.0462513909356113,True
TREND_ONLY,2024,987,2024-07-03 02:30:00+00:00,-0.008412597132828464,0.0809878922333914,False,-1.086441432453087,True
TREND_ONLY,2024,989,2024-07-04 08:30:00+00:00,-0.07985867526178786,0.0809878922333914,False,1.4699161565323489,True
TREND_ONLY,2024,990,2024-07-04 13:30:00+00:00,-0.10823287117749361,0.0809878922333914,False,0.0,False
TREND_ONLY,2024,992,2024-07-05 03:30:00+00:00,-0.15028530922635133,0.0809878922333914,False,-1.120568985462959,True
TREND_ONLY,2024,993,2024-07-05 10:00:00+00:00,0.2894966273890172,0.0809878922333914,True,0.0,False
TREND_ONLY,2024,996,2024-07-08 01:15:00+00:00,-0.187426354529516,0.0809878922333914,False,1.4519631375797524,True
TREND_ONLY,2024,1005,2024-07-16 07:15:00+00:00,0.11670929603650357,0.0809878922333914,True,-1.0838392842841515,True
TREND_ONLY,2024,1024,2024-08-04 18:30:00+00:00,0.05877545591644877,0.0809878922333914,False,-1.1359993963595836,True
TREND_ONLY,2024,1025,2024-08-05 00:00:00+00:00,0.054481612618008136,0.0809878922333914,False,-1.0339265618867521,True
TREND_ONLY,2024,1026,2024-08-05 05:00:00+00:00,0.10688792794768232,0.0809878922333914,True,-1.0206127760252366,True
TREND_ONLY,2024,1035,2024-08-08 01:30:00+00:00,0.18328251821438424,0.0809878922333914,True,0.0,False
TREND_ONLY,2024,1038,2024-08-11 20:45:00+00:00,0.20482468889257457,0.0809878922333914,True,1.4020610230934474,True
TREND_ONLY,2024,1052,2024-09-06 21:45:00+00:00,0.053492826009882366,0.0809878922333914,False,0.0,False
TREND_ONLY,2024,1068,2024-10-03 08:15:00+00:00,0.0845047237160025,0.0809878922333914,True,1.4203521842732336,True
TREND_ONLY,2024,1091,2024-11-01 01:45:00+00:00,0.29117548575315616,0.0809878922333914,True,1.4538744019458474,True
TREND_ONLY,2024,1096,2024-11-04 22:30:00+00:00,0.009989616488294467,0.0809878922333914,False,-1.182564474038197,True
TREND_ONLY,2024,1131,2024-12-10 03:00:00+00:00,0.3899848877475733,0.0809878922333914,True,1.4481838359639232,True
TREND_ONLY,2024,1140,2024-12-19 02:15:00+00:00,0.2502325736984312,0.0809878922333914,True,0.0,False
TREND_ONLY,2024,1142,2024-12-19 19:45:00+00:00,0.20803361789656258,0.0809878922333914,True,-1.0486501066548615,True
TREND_ONLY,2024,1143,2024-12-20 07:30:00+00:00,-0.020382103948817995,0.0809878922333914,False,0.0,False
TREND_ONLY,2024,1144,2024-12-20 11:30:00+00:00,0.20587527433086766,0.0809878922333914,True,1.452651148708725,True
TREND_ONLY,2024,1147,2024-12-23 03:15:00+00:00,0.15445602376045936,0.0809878922333914,True,-1.1248977403193803,True
TREND_ONLY,2025,1170,2025-01-20 06:30:00+00:00,-0.2738089080779282,0.020278322426093613,False,-1.0247792787621195,True
TREND_ONLY,2025,1177,2025-01-26 23:30:00+00:00,0.18183518863690262,0.020278322426093613,True,-1.130335278003245,True
TREND_ONLY,2025,1178,2025-01-27 07:15:00+00:00,0.22105418515798697,0.020278322426093613,True,0.0,False
TREND_ONLY,2025,1198,2025-02-28 09:15:00+00:00,0.0788800147862421,0.020278322426093613,True,0.0,False
TREND_ONLY,2025,1223,2025-04-06 23:15:00+00:00,0.14620365145024905,0.020278322426093613,True,0.0,False
TREND_ONLY,2025,1224,2025-04-07 06:15:00+00:00,0.10198366066374405,0.020278322426093613,True,1.4686016763787548,True
TREND_ONLY,2025,1251,2025-05-13 04:45:00+00:00,-0.35453966759354455,0.020278322426093613,False,0.0,False
TREND_ONLY,2025,1256,2025-05-19 03:45:00+00:00,0.11952827378202596,0.020278322426093613,True,-1.117698406193079,True
TREND_ONLY,2025,1257,2025-05-19 07:45:00+00:00,-0.1853900421957137,0.020278322426093613,False,1.2308054687092957,True
TREND_ONLY,2025,1286,2025-06-21 21:45:00+00:00,-0.05854845822609721,0.020278322426093613,False,0.0,False
TREND_ONLY,2025,1288,2025-06-22 21:00:00+00:00,0.05224259727098292,0.020278322426093613,True,-1.105889405599609,True
TREND_ONLY,2025,1311,2025-07-24 04:15:00+00:00,0.0881700636109911,0.020278322426093613,True,-1.1817584171975541,True
TREND_ONLY,2025,1343,2025-08-29 07:30:00+00:00,0.007820000761007102,0.020278322426093613,False,-1.200929553264599,True
TREND_ONLY,2025,1377,2025-10-11 03:30:00+00:00,0.1228050815853559,0.020278322426093613,True,0.0,False
TREND_ONLY,2025,1378,2025-10-11 07:30:00+00:00,0.11251855411361818,0.020278322426093613,True,1.3892196312799838,True
TREND_ONLY,2025,1379,2025-10-12 00:30:00+00:00,-0.12546966581346247,0.020278322426093613,False,0.0,False
TREND_ONLY,2025,1382,2025-10-14 10:15:00+00:00,-0.021808451441326107,0.020278322426093613,False,1.4109227255070167,True
TREND_ONLY,2025,1384,2025-10-15 03:15:00+00:00,-0.11652732078728704,0.020278322426093613,False,1.4003407780210413,True
TREND_ONLY,2025,1388,2025-10-17 11:00:00+00:00,0.024538043545842138,0.020278322426093613,True,1.4574042903564022,True
TREND_ONLY,2025,1392,2025-10-21 04:30:00+00:00,-0.029203864209649565,0.020278322426093613,False,1.3739333157709879,True
TREND_ONLY,2025,1400,2025-10-30 12:30:00+00:00,0.06890068106531289,0.020278322426093613,True,-1.0894211267954834,True
TREND_ONLY,2025,1418,2025-11-14 20:45:00+00:00,-0.18927584015985432,0.020278322426093613,False,1.3220246157041988,True
TREND_ONLY,2025,1421,2025-11-18 03:15:00+00:00,-0.1860994869735464,0.020278322426093613,False,1.4163377544552982,True
TREND_ONLY,2025,1428,2025-11-20 23:30:00+00:00,-0.23066354984638254,0.020278322426093613,False,-1.0820036712592844,True
TREND_ONLY,2025,1430,2025-11-21 12:15:00+00:00,-0.039634380468035524,0.020278322426093613,False,0.0,False
TREND_ONLY,2025,1431,2025-11-21 16:45:00+00:00,0.11952591932054828,0.020278322426093613,True,0.0,False
TREND_ONLY,2025,1432,2025-11-21 21:15:00+00:00,0.12410986796656731,0.020278322426093613,True,1.425568036565561,True
TREND_ONLY,2026_JAN_JUL,1479,2026-01-30 06:30:00+00:00,0.10937532064948019,0.06401497435687006,True,0.0,False
TREND_ONLY,2026_JAN_JUL,1482,2026-01-31 18:30:00+00:00,0.039157961649460525,0.06401497435687006,False,0.0,False
TREND_ONLY,2026_JAN_JUL,1487,2026-02-02 04:15:00+00:00,0.15354909349024637,0.06401497435687006,True,0.0,False
TREND_ONLY,2026_JAN_JUL,1492,2026-02-04 01:00:00+00:00,0.16738203848523878,0.06401497435687006,True,0.0,False
TREND_ONLY,2026_JAN_JUL,1499,2026-02-05 19:45:00+00:00,-0.05847472855816562,0.06401497435687006,False,-1.0444525,True
TREND_ONLY,2026_JAN_JUL,1500,2026-02-05 23:45:00+00:00,-0.01737897411501132,0.06401497435687006,False,-1.034880257544283,True
TREND_ONLY,2026_JAN_JUL,1501,2026-02-06 05:30:00+00:00,0.19086594339758792,0.06401497435687006,True,1.4455458216263288,True
TREND_ONLY,2026_JAN_JUL,1502,2026-02-06 09:30:00+00:00,0.16549872593926726,0.06401497435687006,True,-1.065786027699839,True
TREND_ONLY,2026_JAN_JUL,1512,2026-02-28 06:30:00+00:00,-0.05167269850312126,0.06401497435687006,False,1.4684004117190763,True
TREND_ONLY,2026_JAN_JUL,1529,2026-03-23 06:45:00+00:00,-0.10116555204833774,0.06401497435687006,False,1.3637536198367077,True
TREND_ONLY,2026_JAN_JUL,1540,2026-04-07 10:45:00+00:00,0.0928297730415677,0.06401497435687006,True,1.3802015675029056,True
TREND_ONLY,2026_JAN_JUL,1560,2026-05-11 03:00:00+00:00,0.009743141164654433,0.06401497435687006,False,0.0,False
TREND_ONLY,2026_JAN_JUL,1571,2026-05-24 22:45:00+00:00,-0.07239792157037372,0.06401497435687006,False,-1.180329695193435,True
TREND_ONLY,2026_JAN_JUL,1581,2026-06-02 01:45:00+00:00,-0.06355939947926162,0.06401497435687006,False,-1.0999833304959745,True
TREND_ONLY,2026_JAN_JUL,1582,2026-06-02 09:15:00+00:00,-0.02145146811347285,0.06401497435687006,False,0.0,False
TREND_ONLY,2026_JAN_JUL,1584,2026-06-02 21:15:00+00:00,0.14949996222468157,0.06401497435687006,True,0.0,False
TREND_ONLY,2026_JAN_JUL,1585,2026-06-03 03:30:00+00:00,-0.01281060463008589,0.06401497435687006,False,1.437522232079828,True
TREND_ONLY,2026_JAN_JUL,1588,2026-06-04 01:45:00+00:00,-0.09773171501568156,0.06401497435687006,False,1.4600713293355905,True
TREND_ONLY,2026_JAN_JUL,1592,2026-06-05 02:30:00+00:00,-0.3722141560819664,0.06401497435687006,False,1.4143561659776038,True
TREND_ONLY,2026_JAN_JUL,1597,2026-06-06 04:00:00+00:00,-0.2901919544543205,0.06401497435687006,False,1.4616447932717003,True
TREND_ONLY,2026_JAN_JUL,1598,2026-06-06 10:15:00+00:00,-0.3147218370214011,0.06401497435687006,False,1.3855759065590558,True
TREND_ONLY,2026_JAN_JUL,1630,2026-07-31 02:00:00+00:00,-0.0020708251118173315,0.06401497435687006,False,-1.2190864965986394,True
VOL_ONLY,2022,287,2022-01-19 04:00:00+00:00,0.28660511055815846,0.18593473719538567,True,0.0,False
VOL_ONLY,2022,293,2022-01-21 20:00:00+00:00,-0.07572007318485696,0.18593473719538567,False,0.0,False
VOL_ONLY,2022,295,2022-01-22 20:00:00+00:00,-1.249302083714419,0.18593473719538567,False,0.0,False
VOL_ONLY,2022,347,2022-04-03 23:15:00+00:00,0.43491708740631707,0.18593473719538567,True,-1.2383556843833388,True
VOL_ONLY,2022,373,2022-05-01 20:45:00+00:00,-0.09651002679278564,0.18593473719538567,False,0.0,False
VOL_ONLY,2022,382,2022-05-08 17:30:00+00:00,0.3754489517602487,0.18593473719538567,True,1.4035757523939782,True
VOL_ONLY,2022,386,2022-05-09 18:45:00+00:00,0.5021955977316739,0.18593473719538567,True,1.4777649501175851,True
VOL_ONLY,2022,399,2022-05-12 04:45:00+00:00,-0.3426609748729784,0.18593473719538567,False,-1.0276462783041593,True
VOL_ONLY,2022,421,2022-06-13 08:00:00+00:00,0.7420776063084826,0.18593473719538567,True,-1.033783148716824,True
VOL_ONLY,2022,422,2022-06-13 12:00:00+00:00,-0.6537901764349432,0.18593473719538567,False,0.0,False
VOL_ONLY,2022,423,2022-06-13 16:00:00+00:00,-1.706210153469373,0.18593473719538567,False,0.0,False
VOL_ONLY,2022,424,2022-06-13 21:30:00+00:00,-1.0982910352043236,0.18593473719538567,False,0.0,False
VOL_ONLY,2022,425,2022-06-14 01:30:00+00:00,0.4590138884734414,0.18593473719538567,True,0.0,False
VOL_ONLY,2022,427,2022-06-14 11:15:00+00:00,-0.19154815864888186,0.18593473719538567,False,1.456979318423436,True
VOL_ONLY,2022,429,2022-06-14 21:45:00+00:00,-0.5585007658201325,0.18593473719538567,False,0.0,False
VOL_ONLY,2022,430,2022-06-15 03:45:00+00:00,-0.3587868519526507,0.18593473719538567,False,-1.0395714550853747,True
VOL_ONLY,2022,435,2022-06-16 09:30:00+00:00,-0.36905554417803743,0.18593473719538567,False,-1.0499841529277996,True
VOL_ONLY,2022,445,2022-06-27 14:15:00+00:00,0.7288166239527321,0.18593473719538567,True,1.3904135861482891,True
VOL_ONLY,2022,446,2022-06-30 06:45:00+00:00,0.48801420025556175,0.18593473719538567,True,-1.0573156272231443,True
VOL_ONLY,2022,460,2022-07-26 00:00:00+00:00,0.9539608766124902,0.18593473719538567,True,-1.0581104113958861,True
VOL_ONLY,2022,471,2022-08-19 23:00:00+00:00,0.4225973904066345,0.18593473719538567,True,1.4446014016703022,True
VOL_ONLY,2022,496,2022-09-19 06:15:00+00:00,0.3094981848484937,0.18593473719538567,True,-1.0979385656436487,True
VOL_ONLY,2022,501,2022-09-21 21:45:00+00:00,0.46812013375131245,0.18593473719538567,True,-1.0565466722027435,True
VOL_ONLY,2022,507,2022-09-28 02:30:00+00:00,0.23051897739696123,0.18593473719538567,True,0.0,False
VOL_ONLY,2022,529,2022-11-06 23:45:00+00:00,1.035322631190676,0.18593473719538567,True,1.3344379758883271,True
VOL_ONLY,2022,533,2022-11-08 18:30:00+00:00,0.7362108519302699,0.18593473719538567,True,-1.025605475862069,True
VOL_ONLY,2022,534,2022-11-09 03:00:00+00:00,-0.1883083369889737,0.18593473719538567,False,0.0,False
VOL_ONLY,2022,535,2022-11-09 09:30:00+00:00,-0.28602605132369807,0.18593473719538567,False,-1.038582905275988,True
VOL_ONLY,2022,537,2022-11-09 19:30:00+00:00,-0.19457160267359663,0.18593473719538567,False,0.0,False
VOL_ONLY,2022,538,2022-11-10 00:00:00+00:00,-1.1625471512041479,0.18593473719538567,False,-1.0139456388728374,True
VOL_ONLY,2022,539,2022-11-10 05:00:00+00:00,-0.194184206612957,0.18593473719538567,False,0.0,False
VOL_ONLY,2022,540,2022-11-10 10:45:00+00:00,-0.5337109226552275,0.18593473719538567,False,1.4478619698518145,True
VOL_ONLY,2022,545,2022-11-14 06:30:00+00:00,-0.9094836493272693,0.18593473719538567,False,-0.00815488869222995,True
VOL_ONLY,2023,585,2023-01-21 22:45:00+00:00,-0.7635365255118819,0.07685992449952876,False,0.0,False
VOL_ONLY,2023,637,2023-03-23 14:45:00+00:00,-0.49128235543026433,0.07685992449952876,False,0.5430045929883698,True
VOL_ONLY,2023,638,2023-03-24 21:15:00+00:00,-0.28875864238379967,0.07685992449952876,False,1.4646891363481807,True
VOL_ONLY,2023,639,2023-03-27 14:45:00+00:00,-0.13272439646536544,0.07685992449952876,False,0.4356368596322149,True
VOL_ONLY,2023,643,2023-04-17 00:45:00+00:00,0.3014182764684269,0.07685992449952876,True,1.3769222043144078,True
VOL_ONLY,2023,725,2023-08-17 20:30:00+00:00,0.13791205258844386,0.07685992449952876,True,-1.1064212307692307,True
VOL_ONLY,2023,726,2023-08-18 01:00:00+00:00,0.6252900993924885,0.07685992449952876,True,0.0,False
VOL_ONLY,2023,727,2023-08-18 05:15:00+00:00,-0.00952475760259526,0.07685992449952876,False,-1.1432106942041529,True
VOL_ONLY,2023,824,2023-12-11 02:00:00+00:00,-2.952227948847857,0.07685992449952876,False,0.0,False
VOL_ONLY,2024,899,2024-03-05 19:30:00+00:00,0.23972927351715267,0.1006306783826483,True,-1.0180894729718597,True
VOL_ONLY,2024,901,2024-03-06 04:45:00+00:00,-0.0576543491705994,0.1006306783826483,False,-1.0331323912623038,True
VOL_ONLY,2024,909,2024-03-15 08:45:00+00:00,0.14963139106433726,0.1006306783826483,True,-1.061165989010989,True
VOL_ONLY,2024,911,2024-03-17 06:45:00+00:00,0.014494411576971289,0.1006306783826483,False,1.4571426116154378,True
VOL_ONLY,2024,913,2024-03-19 07:00:00+00:00,0.3051293504930759,0.1006306783826483,True,0.0,False
VOL_ONLY,2024,915,2024-03-19 22:45:00+00:00,-0.061136222183207814,0.1006306783826483,False,-1.0842945170347178,True
VOL_ONLY,2024,916,2024-03-20 04:15:00+00:00,0.06967005927288625,0.1006306783826483,False,-1.0493714105712588,True
VOL_ONLY,2024,929,2024-04-14 03:00:00+00:00,-0.05658798563659477,0.1006306783826483,False,0.0,False
VOL_ONLY,2024,966,2024-06-11 02:00:00+00:00,0.3102258475565111,0.1006306783826483,True,-1.0873500281121433,True
VOL_ONLY,2024,977,2024-06-24 20:30:00+00:00,0.1315652156218844,0.1006306783826483,True,0.0,False
VOL_ONLY,2024,978,2024-06-25 03:00:00+00:00,-0.16547504100074029,0.1006306783826483,False,-1.0462513909356113,True
VOL_ONLY,2024,987,2024-07-03 02:30:00+00:00,0.19352222995940915,0.1006306783826483,True,-1.086441432453087,True
VOL_ONLY,2024,989,2024-07-04 08:30:00+00:00,-0.024551544228091818,0.1006306783826483,False,1.4699161565323489,True
VOL_ONLY,2024,990,2024-07-04 13:30:00+00:00,0.09424935804843815,0.1006306783826483,False,0.0,False
VOL_ONLY,2024,992,2024-07-05 03:30:00+00:00,0.3827205197579494,0.1006306783826483,True,-1.120568985462959,True
VOL_ONLY,2024,993,2024-07-05 10:00:00+00:00,-0.05973653441511563,0.1006306783826483,False,0.0,False
VOL_ONLY,2024,996,2024-07-08 01:15:00+00:00,0.3369845586219302,0.1006306783826483,True,1.4519631375797524,True
VOL_ONLY,2024,1005,2024-07-16 07:15:00+00:00,0.2149087799764045,0.1006306783826483,True,-1.0838392842841515,True
VOL_ONLY,2024,1024,2024-08-04 18:30:00+00:00,0.36996685308442967,0.1006306783826483,True,-1.1359993963595836,True
VOL_ONLY,2024,1025,2024-08-05 00:00:00+00:00,0.07337547073299915,0.1006306783826483,False,-1.0339265618867521,True
VOL_ONLY,2024,1026,2024-08-05 05:00:00+00:00,0.17702287781085596,0.1006306783826483,True,-1.0206127760252366,True
VOL_ONLY,2024,1035,2024-08-08 01:30:00+00:00,0.23646259651485313,0.1006306783826483,True,0.0,False
VOL_ONLY,2024,1038,2024-08-11 20:45:00+00:00,0.23026911915824128,0.1006306783826483,True,1.4020610230934474,True
VOL_ONLY,2024,1052,2024-09-06 21:45:00+00:00,0.1286783257015891,0.1006306783826483,True,0.0,False
VOL_ONLY,2024,1068,2024-10-03 08:15:00+00:00,-0.048958158364728596,0.1006306783826483,False,1.4203521842732336,True
VOL_ONLY,2024,1091,2024-11-01 01:45:00+00:00,0.1442061653193454,0.1006306783826483,True,1.4538744019458474,True
VOL_ONLY,2024,1096,2024-11-04 22:30:00+00:00,0.1984256826933115,0.1006306783826483,True,-1.182564474038197,True
VOL_ONLY,2024,1131,2024-12-10 03:00:00+00:00,0.029408326212405862,0.1006306783826483,False,1.4481838359639232,True
VOL_ONLY,2024,1140,2024-12-19 02:15:00+00:00,0.15507906553202588,0.1006306783826483,True,0.0,False
VOL_ONLY,2024,1142,2024-12-19 19:45:00+00:00,0.280477266260939,0.1006306783826483,True,-1.0486501066548615,True
VOL_ONLY,2024,1143,2024-12-20 07:30:00+00:00,0.03920911324845131,0.1006306783826483,False,0.0,False
VOL_ONLY,2024,1144,2024-12-20 11:30:00+00:00,0.11486329235593806,0.1006306783826483,True,1.452651148708725,True
VOL_ONLY,2024,1147,2024-12-23 03:15:00+00:00,0.1686553238216777,0.1006306783826483,True,-1.1248977403193803,True
VOL_ONLY,2025,1170,2025-01-20 06:30:00+00:00,-0.0770332256585447,0.02337149329619832,False,-1.0247792787621195,True
VOL_ONLY,2025,1177,2025-01-26 23:30:00+00:00,0.20647304816782353,0.02337149329619832,True,-1.130335278003245,True
VOL_ONLY,2025,1178,2025-01-27 07:15:00+00:00,0.11709818855493201,0.02337149329619832,True,0.0,False
VOL_ONLY,2025,1198,2025-02-28 09:15:00+00:00,-0.03666474005879798,0.02337149329619832,False,0.0,False
VOL_ONLY,2025,1223,2025-04-06 23:15:00+00:00,0.13358600300858445,0.02337149329619832,True,0.0,False
VOL_ONLY,2025,1224,2025-04-07 06:15:00+00:00,0.07054512261370897,0.02337149329619832,True,1.4686016763787548,True
VOL_ONLY,2025,1251,2025-05-13 04:45:00+00:00,0.013188313384856525,0.02337149329619832,False,0.0,False
VOL_ONLY,2025,1256,2025-05-19 03:45:00+00:00,0.030611009516781466,0.02337149329619832,True,-1.117698406193079,True
VOL_ONLY,2025,1257,2025-05-19 07:45:00+00:00,0.04172051299835475,0.02337149329619832,True,1.2308054687092957,True
VOL_ONLY,2025,1286,2025-06-21 21:45:00+00:00,0.1475004338544982,0.02337149329619832,True,0.0,False
VOL_ONLY,2025,1288,2025-06-22 21:00:00+00:00,-0.045024895044702765,0.02337149329619832,False,-1.105889405599609,True
VOL_ONLY,2025,1311,2025-07-24 04:15:00+00:00,-0.07337900164215808,0.02337149329619832,False,-1.1817584171975541,True
VOL_ONLY,2025,1343,2025-08-29 07:30:00+00:00,0.09743054909440052,0.02337149329619832,True,-1.200929553264599,True
VOL_ONLY,2025,1377,2025-10-11 03:30:00+00:00,0.02786850062767739,0.02337149329619832,True,0.0,False
VOL_ONLY,2025,1378,2025-10-11 07:30:00+00:00,-0.031846594621996835,0.02337149329619832,False,1.3892196312799838,True
VOL_ONLY,2025,1379,2025-10-12 00:30:00+00:00,-0.0402603728471015,0.02337149329619832,False,0.0,False
VOL_ONLY,2025,1382,2025-10-14 10:15:00+00:00,0.030015373947979294,0.02337149329619832,True,1.4109227255070167,True
VOL_ONLY,2025,1384,2025-10-15 03:15:00+00:00,-0.04688944163496257,0.02337149329619832,False,1.4003407780210413,True
VOL_ONLY,2025,1388,2025-10-17 11:00:00+00:00,0.05586996256231,0.02337149329619832,True,1.4574042903564022,True
VOL_ONLY,2025,1392,2025-10-21 04:30:00+00:00,0.06677200191922106,0.02337149329619832,True,1.3739333157709879,True
VOL_ONLY,2025,1400,2025-10-30 12:30:00+00:00,-0.0879165234522726,0.02337149329619832,False,-1.0894211267954834,True
VOL_ONLY,2025,1418,2025-11-14 20:45:00+00:00,0.03997019466547662,0.02337149329619832,True,1.3220246157041988,True
VOL_ONLY,2025,1421,2025-11-18 03:15:00+00:00,0.10853981518899637,0.02337149329619832,True,1.4163377544552982,True
VOL_ONLY,2025,1428,2025-11-20 23:30:00+00:00,0.015115174533029945,0.02337149329619832,False,-1.0820036712592844,True
VOL_ONLY,2025,1430,2025-11-21 12:15:00+00:00,-0.01073636081016872,0.02337149329619832,False,0.0,False
VOL_ONLY,2025,1431,2025-11-21 16:45:00+00:00,-0.07762717056392303,0.02337149329619832,False,0.0,False
VOL_ONLY,2025,1432,2025-11-21 21:15:00+00:00,-0.04461130733634237,0.02337149329619832,False,1.425568036565561,True
VOL_ONLY,2026_JAN_JUL,1479,2026-01-30 06:30:00+00:00,-0.023420114408209042,0.04865372688096013,False,0.0,False
VOL_ONLY,2026_JAN_JUL,1482,2026-01-31 18:30:00+00:00,-0.061449106975757894,0.04865372688096013,False,0.0,False
VOL_ONLY,2026_JAN_JUL,1487,2026-02-02 04:15:00+00:00,0.17931826140713283,0.04865372688096013,True,0.0,False
VOL_ONLY,2026_JAN_JUL,1492,2026-02-04 01:00:00+00:00,-0.10977022414048548,0.04865372688096013,False,0.0,False
VOL_ONLY,2026_JAN_JUL,1499,2026-02-05 19:45:00+00:00,0.13522515399702958,0.04865372688096013,True,-1.0444525,True
VOL_ONLY,2026_JAN_JUL,1500,2026-02-05 23:45:00+00:00,0.09423035543186342,0.04865372688096013,True,-1.034880257544283,True
VOL_ONLY,2026_JAN_JUL,1501,2026-02-06 05:30:00+00:00,0.011536716769858249,0.04865372688096013,False,1.4455458216263288,True
VOL_ONLY,2026_JAN_JUL,1502,2026-02-06 09:30:00+00:00,0.022901426753617234,0.04865372688096013,False,-1.065786027699839,True
VOL_ONLY,2026_JAN_JUL,1512,2026-02-28 06:30:00+00:00,0.1436442782303491,0.04865372688096013,True,1.4684004117190763,True
VOL_ONLY,2026_JAN_JUL,1529,2026-03-23 06:45:00+00:00,0.0881933236254366,0.04865372688096013,True,1.3637536198367077,True
VOL_ONLY,2026_JAN_JUL,1540,2026-04-07 10:45:00+00:00,0.036421399348160716,0.04865372688096013,False,1.3802015675029056,True
VOL_ONLY,2026_JAN_JUL,1560,2026-05-11 03:00:00+00:00,0.004862727638475596,0.04865372688096013,False,0.0,False
VOL_ONLY,2026_JAN_JUL,1571,2026-05-24 22:45:00+00:00,0.01972005826239609,0.04865372688096013,False,-1.180329695193435,True
VOL_ONLY,2026_JAN_JUL,1581,2026-06-02 01:45:00+00:00,0.023294802980580745,0.04865372688096013,False,-1.0999833304959745,True
VOL_ONLY,2026_JAN_JUL,1582,2026-06-02 09:15:00+00:00,0.06582270784922742,0.04865372688096013,True,0.0,False
VOL_ONLY,2026_JAN_JUL,1584,2026-06-02 21:15:00+00:00,-0.057458798450232634,0.04865372688096013,False,0.0,False
VOL_ONLY,2026_JAN_JUL,1585,2026-06-03 03:30:00+00:00,0.1956277776280422,0.04865372688096013,True,1.437522232079828,True
VOL_ONLY,2026_JAN_JUL,1588,2026-06-04 01:45:00+00:00,0.185484907361826,0.04865372688096013,True,1.4600713293355905,True
VOL_ONLY,2026_JAN_JUL,1592,2026-06-05 02:30:00+00:00,-0.056783194373115756,0.04865372688096013,False,1.4143561659776038,True
VOL_ONLY,2026_JAN_JUL,1597,2026-06-06 04:00:00+00:00,-0.15682139562092706,0.04865372688096013,False,1.4616447932717003,True
VOL_ONLY,2026_JAN_JUL,1598,2026-06-06 10:15:00+00:00,-0.017258682285618096,0.04865372688096013,False,1.3855759065590558,True
VOL_ONLY,2026_JAN_JUL,1630,2026-07-31 02:00:00+00:00,0.0713088623140038,0.04865372688096013,True,-1.2190864965986394,True
IMPULSE_ONLY,2022,287,2022-01-19 04:00:00+00:00,0.39413524733070704,0.20597213807716588,True,0.0,False
IMPULSE_ONLY,2022,293,2022-01-21 20:00:00+00:00,0.40859743215638156,0.20597213807716588,True,0.0,False
IMPULSE_ONLY,2022,295,2022-01-22 20:00:00+00:00,-0.38697280186482697,0.20597213807716588,False,0.0,False
IMPULSE_ONLY,2022,347,2022-04-03 23:15:00+00:00,0.016886308623646068,0.20597213807716588,False,-1.2383556843833388,True
IMPULSE_ONLY,2022,373,2022-05-01 20:45:00+00:00,0.022062856007733472,0.20597213807716588,False,0.0,False
IMPULSE_ONLY,2022,382,2022-05-08 17:30:00+00:00,-0.07263447196859521,0.20597213807716588,False,1.4035757523939782,True
IMPULSE_ONLY,2022,386,2022-05-09 18:45:00+00:00,0.5824925468798461,0.20597213807716588,True,1.4777649501175851,True
IMPULSE_ONLY,2022,399,2022-05-12 04:45:00+00:00,0.4370432333056235,0.20597213807716588,True,-1.0276462783041593,True
IMPULSE_ONLY,2022,421,2022-06-13 08:00:00+00:00,0.47202492517678574,0.20597213807716588,True,-1.033783148716824,True
IMPULSE_ONLY,2022,422,2022-06-13 12:00:00+00:00,-0.4021535953228592,0.20597213807716588,False,0.0,False
IMPULSE_ONLY,2022,423,2022-06-13 16:00:00+00:00,-3.415292845927158,0.20597213807716588,False,0.0,False
IMPULSE_ONLY,2022,424,2022-06-13 21:30:00+00:00,-0.6183533235297841,0.20597213807716588,False,0.0,False
IMPULSE_ONLY,2022,425,2022-06-14 01:30:00+00:00,-3.4013512209107026,0.20597213807716588,False,0.0,False
IMPULSE_ONLY,2022,427,2022-06-14 11:15:00+00:00,0.35598293689614324,0.20597213807716588,True,1.456979318423436,True
IMPULSE_ONLY,2022,429,2022-06-14 21:45:00+00:00,-0.05573320858162659,0.20597213807716588,False,0.0,False
IMPULSE_ONLY,2022,430,2022-06-15 03:45:00+00:00,0.052851817547153374,0.20597213807716588,False,-1.0395714550853747,True
IMPULSE_ONLY,2022,435,2022-06-16 09:30:00+00:00,0.18396409019188395,0.20597213807716588,False,-1.0499841529277996,True
IMPULSE_ONLY,2022,445,2022-06-27 14:15:00+00:00,0.5408240447109629,0.20597213807716588,True,1.3904135861482891,True
IMPULSE_ONLY,2022,446,2022-06-30 06:45:00+00:00,0.30630527097013077,0.20597213807716588,True,-1.0573156272231443,True
IMPULSE_ONLY,2022,460,2022-07-26 00:00:00+00:00,1.026009931669067,0.20597213807716588,True,-1.0581104113958861,True
IMPULSE_ONLY,2022,471,2022-08-19 23:00:00+00:00,0.7216783556970597,0.20597213807716588,True,1.4446014016703022,True
IMPULSE_ONLY,2022,496,2022-09-19 06:15:00+00:00,0.020298648243966377,0.20597213807716588,False,-1.0979385656436487,True
IMPULSE_ONLY,2022,501,2022-09-21 21:45:00+00:00,-1.0452920838109754,0.20597213807716588,False,-1.0565466722027435,True
IMPULSE_ONLY,2022,507,2022-09-28 02:30:00+00:00,-0.00236179097534181,0.20597213807716588,False,0.0,False
IMPULSE_ONLY,2022,529,2022-11-06 23:45:00+00:00,0.7491440259411661,0.20597213807716588,True,1.3344379758883271,True
IMPULSE_ONLY,2022,533,2022-11-08 18:30:00+00:00,-6.122671558794086,0.20597213807716588,False,-1.025605475862069,True
IMPULSE_ONLY,2022,534,2022-11-09 03:00:00+00:00,-0.2639407990423911,0.20597213807716588,False,0.0,False
IMPULSE_ONLY,2022,535,2022-11-09 09:30:00+00:00,-0.15772985675566378,0.20597213807716588,False,-1.038582905275988,True
IMPULSE_ONLY,2022,537,2022-11-09 19:30:00+00:00,-1.0127796030959262,0.20597213807716588,False,0.0,False
IMPULSE_ONLY,2022,538,2022-11-10 00:00:00+00:00,-0.9310072020345787,0.20597213807716588,False,-1.0139456388728374,True
IMPULSE_ONLY,2022,539,2022-11-10 05:00:00+00:00,0.1790469040802369,0.20597213807716588,False,0.0,False
IMPULSE_ONLY,2022,540,2022-11-10 10:45:00+00:00,0.2119195640009061,0.20597213807716588,True,1.4478619698518145,True
IMPULSE_ONLY,2022,545,2022-11-14 06:30:00+00:00,-2.0709576588898595,0.20597213807716588,False,-0.00815488869222995,True
IMPULSE_ONLY,2023,585,2023-01-21 22:45:00+00:00,-0.8353805666926974,0.11359521270890002,False,0.0,False
IMPULSE_ONLY,2023,637,2023-03-23 14:45:00+00:00,-0.4581643501316523,0.11359521270890002,False,0.5430045929883698,True
IMPULSE_ONLY,2023,638,2023-03-24 21:15:00+00:00,-0.304778113665654,0.11359521270890002,False,1.4646891363481807,True
IMPULSE_ONLY,2023,639,2023-03-27 14:45:00+00:00,-0.4421221735042055,0.11359521270890002,False,0.4356368596322149,True
IMPULSE_ONLY,2023,643,2023-04-17 00:45:00+00:00,0.10531643524195791,0.11359521270890002,False,1.3769222043144078,True
IMPULSE_ONLY,2023,725,2023-08-17 20:30:00+00:00,0.3607730222644452,0.11359521270890002,True,-1.1064212307692307,True
IMPULSE_ONLY,2023,726,2023-08-18 01:00:00+00:00,0.2508186759444049,0.11359521270890002,True,0.0,False
IMPULSE_ONLY,2023,727,2023-08-18 05:15:00+00:00,0.1599309260670636,0.11359521270890002,True,-1.1432106942041529,True
IMPULSE_ONLY,2023,824,2023-12-11 02:00:00+00:00,-3.3712739661551736,0.11359521270890002,False,0.0,False
IMPULSE_ONLY,2024,899,2024-03-05 19:30:00+00:00,-0.02552424528963114,0.10788241409076918,False,-1.0180894729718597,True
IMPULSE_ONLY,2024,901,2024-03-06 04:45:00+00:00,0.16497097877305789,0.10788241409076918,True,-1.0331323912623038,True
IMPULSE_ONLY,2024,909,2024-03-15 08:45:00+00:00,0.24801889681206757,0.10788241409076918,True,-1.061165989010989,True
IMPULSE_ONLY,2024,911,2024-03-17 06:45:00+00:00,0.18904457553508042,0.10788241409076918,True,1.4571426116154378,True
IMPULSE_ONLY,2024,913,2024-03-19 07:00:00+00:00,0.22298768047084366,0.10788241409076918,True,0.0,False
IMPULSE_ONLY,2024,915,2024-03-19 22:45:00+00:00,0.13927798422239823,0.10788241409076918,True,-1.0842945170347178,True
IMPULSE_ONLY,2024,916,2024-03-20 04:15:00+00:00,0.05982907308604071,0.10788241409076918,False,-1.0493714105712588,True
IMPULSE_ONLY,2024,929,2024-04-14 03:00:00+00:00,0.14399914357475,0.10788241409076918,True,0.0,False
IMPULSE_ONLY,2024,966,2024-06-11 02:00:00+00:00,0.11255176636736486,0.10788241409076918,True,-1.0873500281121433,True
IMPULSE_ONLY,2024,977,2024-06-24 20:30:00+00:00,0.3084046015094378,0.10788241409076918,True,0.0,False
IMPULSE_ONLY,2024,978,2024-06-25 03:00:00+00:00,0.16923375034258736,0.10788241409076918,True,-1.0462513909356113,True
IMPULSE_ONLY,2024,987,2024-07-03 02:30:00+00:00,0.1334792655459686,0.10788241409076918,True,-1.086441432453087,True
IMPULSE_ONLY,2024,989,2024-07-04 08:30:00+00:00,0.25279059835110856,0.10788241409076918,True,1.4699161565323489,True
IMPULSE_ONLY,2024,990,2024-07-04 13:30:00+00:00,0.24477614493247885,0.10788241409076918,True,0.0,False
IMPULSE_ONLY,2024,992,2024-07-05 03:30:00+00:00,-0.12171425272479254,0.10788241409076918,False,-1.120568985462959,True
IMPULSE_ONLY,2024,993,2024-07-05 10:00:00+00:00,-0.10749076195410028,0.10788241409076918,False,0.0,False
IMPULSE_ONLY,2024,996,2024-07-08 01:15:00+00:00,0.005255518269668927,0.10788241409076918,False,1.4519631375797524,True
IMPULSE_ONLY,2024,1005,2024-07-16 07:15:00+00:00,0.18739573867638484,0.10788241409076918,True,-1.0838392842841515,True
IMPULSE_ONLY,2024,1024,2024-08-04 18:30:00+00:00,0.02116681315843298,0.10788241409076918,False,-1.1359993963595836,True
IMPULSE_ONLY,2024,1025,2024-08-05 00:00:00+00:00,0.14270896535006594,0.10788241409076918,True,-1.0339265618867521,True
IMPULSE_ONLY,2024,1026,2024-08-05 05:00:00+00:00,0.06845569600696698,0.10788241409076918,False,-1.0206127760252366,True
IMPULSE_ONLY,2024,1035,2024-08-08 01:30:00+00:00,-0.2142342964789289,0.10788241409076918,False,0.0,False
IMPULSE_ONLY,2024,1038,2024-08-11 20:45:00+00:00,0.07014089789344498,0.10788241409076918,False,1.4020610230934474,True
IMPULSE_ONLY,2024,1052,2024-09-06 21:45:00+00:00,0.08689266104321977,0.10788241409076918,False,0.0,False
IMPULSE_ONLY,2024,1068,2024-10-03 08:15:00+00:00,0.18215391431881928,0.10788241409076918,True,1.4203521842732336,True
IMPULSE_ONLY,2024,1091,2024-11-01 01:45:00+00:00,0.25557019706729434,0.10788241409076918,True,1.4538744019458474,True
IMPULSE_ONLY,2024,1096,2024-11-04 22:30:00+00:00,0.06436721005662076,0.10788241409076918,False,-1.182564474038197,True
IMPULSE_ONLY,2024,1131,2024-12-10 03:00:00+00:00,0.1588465524436657,0.10788241409076918,True,1.4481838359639232,True
IMPULSE_ONLY,2024,1140,2024-12-19 02:15:00+00:00,0.22781225108465458,0.10788241409076918,True,0.0,False
IMPULSE_ONLY,2024,1142,2024-12-19 19:45:00+00:00,0.23033206545247792,0.10788241409076918,True,-1.0486501066548615,True
IMPULSE_ONLY,2024,1143,2024-12-20 07:30:00+00:00,0.11924715064543673,0.10788241409076918,True,0.0,False
IMPULSE_ONLY,2024,1144,2024-12-20 11:30:00+00:00,0.2347332477605577,0.10788241409076918,True,1.452651148708725,True
IMPULSE_ONLY,2024,1147,2024-12-23 03:15:00+00:00,0.11481270425582958,0.10788241409076918,True,-1.1248977403193803,True
IMPULSE_ONLY,2025,1170,2025-01-20 06:30:00+00:00,0.09360622409075976,0.041635043928241876,True,-1.0247792787621195,True
IMPULSE_ONLY,2025,1177,2025-01-26 23:30:00+00:00,0.025393931181661198,0.041635043928241876,False,-1.130335278003245,True
IMPULSE_ONLY,2025,1178,2025-01-27 07:15:00+00:00,0.04102481940759037,0.041635043928241876,False,0.0,False
IMPULSE_ONLY,2025,1198,2025-02-28 09:15:00+00:00,0.03618670373006655,0.041635043928241876,False,0.0,False
IMPULSE_ONLY,2025,1223,2025-04-06 23:15:00+00:00,-0.027682128194894486,0.041635043928241876,False,0.0,False
IMPULSE_ONLY,2025,1224,2025-04-07 06:15:00+00:00,0.16141910574998364,0.041635043928241876,True,1.4686016763787548,True
IMPULSE_ONLY,2025,1251,2025-05-13 04:45:00+00:00,0.059719425187276354,0.041635043928241876,True,0.0,False
IMPULSE_ONLY,2025,1256,2025-05-19 03:45:00+00:00,0.11667011013691721,0.041635043928241876,True,-1.117698406193079,True
IMPULSE_ONLY,2025,1257,2025-05-19 07:45:00+00:00,0.06646088697945023,0.041635043928241876,True,1.2308054687092957,True
IMPULSE_ONLY,2025,1286,2025-06-21 21:45:00+00:00,-0.13086976928875424,0.041635043928241876,False,0.0,False
IMPULSE_ONLY,2025,1288,2025-06-22 21:00:00+00:00,0.07036775387706362,0.041635043928241876,True,-1.105889405599609,True
IMPULSE_ONLY,2025,1311,2025-07-24 04:15:00+00:00,-0.01735098447786723,0.041635043928241876,False,-1.1817584171975541,True
IMPULSE_ONLY,2025,1343,2025-08-29 07:30:00+00:00,0.018549424600529888,0.041635043928241876,False,-1.200929553264599,True
IMPULSE_ONLY,2025,1377,2025-10-11 03:30:00+00:00,0.022449567799737793,0.041635043928241876,False,0.0,False
IMPULSE_ONLY,2025,1378,2025-10-11 07:30:00+00:00,-0.050834843540170385,0.041635043928241876,False,1.3892196312799838,True
IMPULSE_ONLY,2025,1379,2025-10-12 00:30:00+00:00,0.09268800927716687,0.041635043928241876,True,0.0,False
IMPULSE_ONLY,2025,1382,2025-10-14 10:15:00+00:00,0.04063251028178256,0.041635043928241876,False,1.4109227255070167,True
IMPULSE_ONLY,2025,1384,2025-10-15 03:15:00+00:00,0.00445238205194386,0.041635043928241876,False,1.4003407780210413,True
IMPULSE_ONLY,2025,1388,2025-10-17 11:00:00+00:00,0.1945271916054956,0.041635043928241876,True,1.4574042903564022,True
IMPULSE_ONLY,2025,1392,2025-10-21 04:30:00+00:00,-0.03615247753359041,0.041635043928241876,False,1.3739333157709879,True
IMPULSE_ONLY,2025,1400,2025-10-30 12:30:00+00:00,0.04622498205774868,0.041635043928241876,True,-1.0894211267954834,True
IMPULSE_ONLY,2025,1418,2025-11-14 20:45:00+00:00,-0.01786543108260812,0.041635043928241876,False,1.3220246157041988,True
IMPULSE_ONLY,2025,1421,2025-11-18 03:15:00+00:00,-0.06605205671300234,0.041635043928241876,False,1.4163377544552982,True
IMPULSE_ONLY,2025,1428,2025-11-20 23:30:00+00:00,0.05911093912559012,0.041635043928241876,True,-1.0820036712592844,True
IMPULSE_ONLY,2025,1430,2025-11-21 12:15:00+00:00,-0.03354736701225715,0.041635043928241876,False,0.0,False
IMPULSE_ONLY,2025,1431,2025-11-21 16:45:00+00:00,-0.13985607247676646,0.041635043928241876,False,0.0,False
IMPULSE_ONLY,2025,1432,2025-11-21 21:15:00+00:00,-0.05199166939126172,0.041635043928241876,False,1.425568036565561,True
IMPULSE_ONLY,2026_JAN_JUL,1479,2026-01-30 06:30:00+00:00,0.07606344599438092,0.06644369525858218,True,0.0,False
IMPULSE_ONLY,2026_JAN_JUL,1482,2026-01-31 18:30:00+00:00,0.20608231147956976,0.06644369525858218,True,0.0,False
IMPULSE_ONLY,2026_JAN_JUL,1487,2026-02-02 04:15:00+00:00,0.0332681997182091,0.06644369525858218,False,0.0,False
IMPULSE_ONLY,2026_JAN_JUL,1492,2026-02-04 01:00:00+00:00,-0.002402512648033095,0.06644369525858218,False,0.0,False
IMPULSE_ONLY,2026_JAN_JUL,1499,2026-02-05 19:45:00+00:00,0.19436498696565538,0.06644369525858218,True,-1.0444525,True
IMPULSE_ONLY,2026_JAN_JUL,1500,2026-02-05 23:45:00+00:00,0.22212327783936606,0.06644369525858218,True,-1.034880257544283,True
IMPULSE_ONLY,2026_JAN_JUL,1501,2026-02-06 05:30:00+00:00,0.0931710986412548,0.06644369525858218,True,1.4455458216263288,True
IMPULSE_ONLY,2026_JAN_JUL,1502,2026-02-06 09:30:00+00:00,0.18041210847298952,0.06644369525858218,True,-1.065786027699839,True
IMPULSE_ONLY,2026_JAN_JUL,1512,2026-02-28 06:30:00+00:00,0.15086644681808345,0.06644369525858218,True,1.4684004117190763,True
IMPULSE_ONLY,2026_JAN_JUL,1529,2026-03-23 06:45:00+00:00,0.04534738747828283,0.06644369525858218,False,1.3637536198367077,True
IMPULSE_ONLY,2026_JAN_JUL,1540,2026-04-07 10:45:00+00:00,0.05715099825797837,0.06644369525858218,False,1.3802015675029056,True
IMPULSE_ONLY,2026_JAN_JUL,1560,2026-05-11 03:00:00+00:00,0.09874628119629039,0.06644369525858218,True,0.0,False
IMPULSE_ONLY,2026_JAN_JUL,1571,2026-05-24 22:45:00+00:00,-0.09798938749338973,0.06644369525858218,False,-1.180329695193435,True
IMPULSE_ONLY,2026_JAN_JUL,1581,2026-06-02 01:45:00+00:00,0.06517439786688804,0.06644369525858218,False,-1.0999833304959745,True
IMPULSE_ONLY,2026_JAN_JUL,1582,2026-06-02 09:15:00+00:00,0.17584070963882387,0.06644369525858218,True,0.0,False
IMPULSE_ONLY,2026_JAN_JUL,1584,2026-06-02 21:15:00+00:00,-0.1829521890708374,0.06644369525858218,False,0.0,False
IMPULSE_ONLY,2026_JAN_JUL,1585,2026-06-03 03:30:00+00:00,0.1130725828944204,0.06644369525858218,True,1.437522232079828,True
IMPULSE_ONLY,2026_JAN_JUL,1588,2026-06-04 01:45:00+00:00,0.06021731077450718,0.06644369525858218,False,1.4600713293355905,True
IMPULSE_ONLY,2026_JAN_JUL,1592,2026-06-05 02:30:00+00:00,0.060881743040062414,0.06644369525858218,False,1.4143561659776038,True
IMPULSE_ONLY,2026_JAN_JUL,1597,2026-06-06 04:00:00+00:00,0.09804778502601277,0.06644369525858218,True,1.4616447932717003,True
IMPULSE_ONLY,2026_JAN_JUL,1598,2026-06-06 10:15:00+00:00,0.08482579472590168,0.06644369525858218,True,1.3855759065590558,True
IMPULSE_ONLY,2026_JAN_JUL,1630,2026-07-31 02:00:00+00:00,-0.044851016163995686,0.06644369525858218,False,-1.2190864965986394,True
PRIMARY_COMBINED,2022,287,2022-01-19 04:00:00+00:00,0.16583593638683541,0.16028586808919645,True,0.0,False
PRIMARY_COMBINED,2022,293,2022-01-21 20:00:00+00:00,-0.46245321644438864,0.16028586808919645,False,0.0,False
PRIMARY_COMBINED,2022,295,2022-01-22 20:00:00+00:00,-0.38080257490032554,0.16028586808919645,False,0.0,False
PRIMARY_COMBINED,2022,347,2022-04-03 23:15:00+00:00,0.40192878924894115,0.16028586808919645,True,-1.2383556843833388,True
PRIMARY_COMBINED,2022,373,2022-05-01 20:45:00+00:00,0.12470794301459956,0.16028586808919645,False,0.0,False
PRIMARY_COMBINED,2022,382,2022-05-08 17:30:00+00:00,-0.05765224323824111,0.16028586808919645,False,1.4035757523939782,True
PRIMARY_COMBINED,2022,386,2022-05-09 18:45:00+00:00,0.013709175536462698,0.16028586808919645,False,1.4777649501175851,True
PRIMARY_COMBINED,2022,399,2022-05-12 04:45:00+00:00,-0.3932270320370489,0.16028586808919645,False,-1.0276462783041593,True
PRIMARY_COMBINED,2022,421,2022-06-13 08:00:00+00:00,0.3703457866343781,0.16028586808919645,True,-1.033783148716824,True
PRIMARY_COMBINED,2022,422,2022-06-13 12:00:00+00:00,-0.3322538224454371,0.16028586808919645,False,0.0,False
PRIMARY_COMBINED,2022,423,2022-06-13 16:00:00+00:00,-1.9628957676874446,0.16028586808919645,False,0.0,False
PRIMARY_COMBINED,2022,424,2022-06-13 21:30:00+00:00,-1.1987905583445981,0.16028586808919645,False,0.0,False
PRIMARY_COMBINED,2022,425,2022-06-14 01:30:00+00:00,-0.3582678285998959,0.16028586808919645,False,0.0,False
PRIMARY_COMBINED,2022,427,2022-06-14 11:15:00+00:00,-0.264027734525473,0.16028586808919645,False,1.456979318423436,True
PRIMARY_COMBINED,2022,429,2022-06-14 21:45:00+00:00,-0.6524949996989969,0.16028586808919645,False,0.0,False
PRIMARY_COMBINED,2022,430,2022-06-15 03:45:00+00:00,-0.5081929073624959,0.16028586808919645,False,-1.0395714550853747,True
PRIMARY_COMBINED,2022,435,2022-06-16 09:30:00+00:00,-0.5848911634840694,0.16028586808919645,False,-1.0499841529277996,True
PRIMARY_COMBINED,2022,445,2022-06-27 14:15:00+00:00,0.11420670289175675,0.16028586808919645,False,1.3904135861482891,True
PRIMARY_COMBINED,2022,446,2022-06-30 06:45:00+00:00,-0.2717546118087254,0.16028586808919645,False,-1.0573156272231443,True
PRIMARY_COMBINED,2022,460,2022-07-26 00:00:00+00:00,0.7993533221702329,0.16028586808919645,True,-1.0581104113958861,True
PRIMARY_COMBINED,2022,471,2022-08-19 23:00:00+00:00,0.20814772581966315,0.16028586808919645,True,1.4446014016703022,True
PRIMARY_COMBINED,2022,496,2022-09-19 06:15:00+00:00,0.07101250382569443,0.16028586808919645,False,-1.0979385656436487,True
PRIMARY_COMBINED,2022,501,2022-09-21 21:45:00+00:00,-0.06988112243397973,0.16028586808919645,False,-1.0565466722027435,True
PRIMARY_COMBINED,2022,507,2022-09-28 02:30:00+00:00,0.0813376024402733,0.16028586808919645,False,0.0,False
PRIMARY_COMBINED,2022,529,2022-11-06 23:45:00+00:00,0.8784808568370732,0.16028586808919645,True,1.3344379758883271,True
PRIMARY_COMBINED,2022,533,2022-11-08 18:30:00+00:00,-0.7342424110742372,0.16028586808919645,False,-1.025605475862069,True
PRIMARY_COMBINED,2022,534,2022-11-09 03:00:00+00:00,-0.016008077029041307,0.16028586808919645,False,0.0,False
PRIMARY_COMBINED,2022,535,2022-11-09 09:30:00+00:00,-0.04870723774213703,0.16028586808919645,False,-1.038582905275988,True
PRIMARY_COMBINED,2022,537,2022-11-09 19:30:00+00:00,-0.10915690975580175,0.16028586808919645,False,0.0,False
PRIMARY_COMBINED,2022,538,2022-11-10 00:00:00+00:00,-0.901834788464161,0.16028586808919645,False,-1.0139456388728374,True
PRIMARY_COMBINED,2022,539,2022-11-10 05:00:00+00:00,0.17275388820014517,0.16028586808919645,True,0.0,False
PRIMARY_COMBINED,2022,540,2022-11-10 10:45:00+00:00,-0.29339757810748046,0.16028586808919645,False,1.4478619698518145,True
PRIMARY_COMBINED,2022,545,2022-11-14 06:30:00+00:00,-0.9209291639453693,0.16028586808919645,False,-0.00815488869222995,True
PRIMARY_COMBINED,2023,585,2023-01-21 22:45:00+00:00,-0.2659871081513707,0.09326958052222513,False,0.0,False
PRIMARY_COMBINED,2023,637,2023-03-23 14:45:00+00:00,-0.9462671466788578,0.09326958052222513,False,0.5430045929883698,True
PRIMARY_COMBINED,2023,638,2023-03-24 21:15:00+00:00,-0.23599170518369747,0.09326958052222513,False,1.4646891363481807,True
PRIMARY_COMBINED,2023,639,2023-03-27 14:45:00+00:00,-0.3064852652644027,0.09326958052222513,False,0.4356368596322149,True
PRIMARY_COMBINED,2023,643,2023-04-17 00:45:00+00:00,0.5939770668485348,0.09326958052222513,True,1.3769222043144078,True
PRIMARY_COMBINED,2023,725,2023-08-17 20:30:00+00:00,0.5019712791243353,0.09326958052222513,True,-1.1064212307692307,True
PRIMARY_COMBINED,2023,726,2023-08-18 01:00:00+00:00,0.7311914284127102,0.09326958052222513,True,0.0,False
PRIMARY_COMBINED,2023,727,2023-08-18 05:15:00+00:00,0.6213171080101328,0.09326958052222513,True,-1.1432106942041529,True
PRIMARY_COMBINED,2023,824,2023-12-11 02:00:00+00:00,-3.999772131021398,0.09326958052222513,False,0.0,False
PRIMARY_COMBINED,2024,899,2024-03-05 19:30:00+00:00,0.8106808481351665,0.1376214596753977,True,-1.0180894729718597,True
PRIMARY_COMBINED,2024,901,2024-03-06 04:45:00+00:00,-0.6821914878816181,0.1376214596753977,False,-1.0331323912623038,True
PRIMARY_COMBINED,2024,909,2024-03-15 08:45:00+00:00,0.616176293406893,0.1376214596753977,True,-1.061165989010989,True
PRIMARY_COMBINED,2024,911,2024-03-17 06:45:00+00:00,0.2389947154164706,0.1376214596753977,True,1.4571426116154378,True
PRIMARY_COMBINED,2024,913,2024-03-19 07:00:00+00:00,0.6718717945284233,0.1376214596753977,True,0.0,False
PRIMARY_COMBINED,2024,915,2024-03-19 22:45:00+00:00,0.13404163359494353,0.1376214596753977,False,-1.0842945170347178,True
PRIMARY_COMBINED,2024,916,2024-03-20 04:15:00+00:00,0.12228545378233044,0.1376214596753977,False,-1.0493714105712588,True
PRIMARY_COMBINED,2024,929,2024-04-14 03:00:00+00:00,-0.11645105836762945,0.1376214596753977,False,0.0,False
PRIMARY_COMBINED,2024,966,2024-06-11 02:00:00+00:00,0.3656568455918301,0.1376214596753977,True,-1.0873500281121433,True
PRIMARY_COMBINED,2024,977,2024-06-24 20:30:00+00:00,0.3005193090888554,0.1376214596753977,True,0.0,False
PRIMARY_COMBINED,2024,978,2024-06-25 03:00:00+00:00,0.22494390252615254,0.1376214596753977,True,-1.0462513909356113,True
PRIMARY_COMBINED,2024,987,2024-07-03 02:30:00+00:00,0.2519660384256882,0.1376214596753977,True,-1.086441432453087,True
PRIMARY_COMBINED,2024,989,2024-07-04 08:30:00+00:00,0.020979690508320353,0.1376214596753977,False,1.4699161565323489,True
PRIMARY_COMBINED,2024,990,2024-07-04 13:30:00+00:00,0.18968065275958873,0.1376214596753977,True,0.0,False
PRIMARY_COMBINED,2024,992,2024-07-05 03:30:00+00:00,-0.20537870925670743,0.1376214596753977,False,-1.120568985462959,True
PRIMARY_COMBINED,2024,993,2024-07-05 10:00:00+00:00,0.034406871786690885,0.1376214596753977,False,0.0,False
PRIMARY_COMBINED,2024,996,2024-07-08 01:15:00+00:00,0.023084169852505998,0.1376214596753977,False,1.4519631375797524,True
PRIMARY_COMBINED,2024,1005,2024-07-16 07:15:00+00:00,0.46236629335341095,0.1376214596753977,True,-1.0838392842841515,True
PRIMARY_COMBINED,2024,1024,2024-08-04 18:30:00+00:00,0.44751424793320504,0.1376214596753977,True,-1.1359993963595836,True
PRIMARY_COMBINED,2024,1025,2024-08-05 00:00:00+00:00,0.24184701567672187,0.1376214596753977,True,-1.0339265618867521,True
PRIMARY_COMBINED,2024,1026,2024-08-05 05:00:00+00:00,0.45408402590424074,0.1376214596753977,True,-1.0206127760252366,True
PRIMARY_COMBINED,2024,1035,2024-08-08 01:30:00+00:00,0.0710172465039818,0.1376214596753977,False,0.0,False
PRIMARY_COMBINED,2024,1038,2024-08-11 20:45:00+00:00,0.4632899529271012,0.1376214596753977,True,1.4020610230934474,True
PRIMARY_COMBINED,2024,1052,2024-09-06 21:45:00+00:00,0.18547517499276261,0.1376214596753977,True,0.0,False
PRIMARY_COMBINED,2024,1068,2024-10-03 08:15:00+00:00,0.017924273004532823,0.1376214596753977,False,1.4203521842732336,True
PRIMARY_COMBINED,2024,1091,2024-11-01 01:45:00+00:00,0.5878181350740556,0.1376214596753977,True,1.4538744019458474,True
PRIMARY_COMBINED,2024,1096,2024-11-04 22:30:00+00:00,0.09905009516213668,0.1376214596753977,False,-1.182564474038197,True
PRIMARY_COMBINED,2024,1131,2024-12-10 03:00:00+00:00,0.45845100055685933,0.1376214596753977,True,1.4481838359639232,True
PRIMARY_COMBINED,2024,1140,2024-12-19 02:15:00+00:00,0.250774820448676,0.1376214596753977,True,0.0,False
PRIMARY_COMBINED,2024,1142,2024-12-19 19:45:00+00:00,0.37582852825735674,0.1376214596753977,True,-1.0486501066548615,True
PRIMARY_COMBINED,2024,1143,2024-12-20 07:30:00+00:00,-0.08173037240208936,0.1376214596753977,False,0.0,False
PRIMARY_COMBINED,2024,1144,2024-12-20 11:30:00+00:00,0.02352633576137038,0.1376214596753977,False,1.452651148708725,True
PRIMARY_COMBINED,2024,1147,2024-12-23 03:15:00+00:00,0.3257708720911459,0.1376214596753977,True,-1.1248977403193803,True
PRIMARY_COMBINED,2025,1170,2025-01-20 06:30:00+00:00,-0.39488951291909236,0.0413584819507046,False,-1.0247792787621195,True
PRIMARY_COMBINED,2025,1177,2025-01-26 23:30:00+00:00,0.3985739665803404,0.0413584819507046,True,-1.130335278003245,True
PRIMARY_COMBINED,2025,1178,2025-01-27 07:15:00+00:00,0.36188946376988634,0.0413584819507046,True,0.0,False
PRIMARY_COMBINED,2025,1198,2025-02-28 09:15:00+00:00,0.042281899186175004,0.0413584819507046,True,0.0,False
PRIMARY_COMBINED,2025,1223,2025-04-06 23:15:00+00:00,0.2593527434737771,0.0413584819507046,True,0.0,False
PRIMARY_COMBINED,2025,1224,2025-04-07 06:15:00+00:00,0.13752141093355383,0.0413584819507046,True,1.4686016763787548,True
PRIMARY_COMBINED,2025,1251,2025-05-13 04:45:00+00:00,-0.3638183504942576,0.0413584819507046,False,0.0,False
PRIMARY_COMBINED,2025,1256,2025-05-19 03:45:00+00:00,0.1692640785061734,0.0413584819507046,True,-1.117698406193079,True
PRIMARY_COMBINED,2025,1257,2025-05-19 07:45:00+00:00,-0.23482666818520107,0.0413584819507046,False,1.2308054687092957,True
PRIMARY_COMBINED,2025,1286,2025-06-21 21:45:00+00:00,0.046208231146859444,0.0413584819507046,True,0.0,False
PRIMARY_COMBINED,2025,1288,2025-06-22 21:00:00+00:00,0.11999087258910754,0.0413584819507046,True,-1.105889405599609,True
PRIMARY_COMBINED,2025,1311,2025-07-24 04:15:00+00:00,-0.025531793740200818,0.0413584819507046,False,-1.1817584171975541,True
PRIMARY_COMBINED,2025,1343,2025-08-29 07:30:00+00:00,0.06611044654788037,0.0413584819507046,True,-1.200929553264599,True
PRIMARY_COMBINED,2025,1377,2025-10-11 03:30:00+00:00,-0.316435640612708,0.0413584819507046,False,0.0,False
PRIMARY_COMBINED,2025,1378,2025-10-11 07:30:00+00:00,-0.30076377881586325,0.0413584819507046,False,1.3892196312799838,True
PRIMARY_COMBINED,2025,1379,2025-10-12 00:30:00+00:00,-0.043198037529398006,0.0413584819507046,False,0.0,False
PRIMARY_COMBINED,2025,1382,2025-10-14 10:15:00+00:00,0.041465959067232855,0.0413584819507046,True,1.4109227255070167,True
PRIMARY_COMBINED,2025,1384,2025-10-15 03:15:00+00:00,-0.19565415365244307,0.0413584819507046,False,1.4003407780210413,True
PRIMARY_COMBINED,2025,1388,2025-10-17 11:00:00+00:00,0.1518769719543871,0.0413584819507046,True,1.4574042903564022,True
PRIMARY_COMBINED,2025,1392,2025-10-21 04:30:00+00:00,-0.003029711192894923,0.0413584819507046,False,1.3739333157709879,True
PRIMARY_COMBINED,2025,1400,2025-10-30 12:30:00+00:00,0.16682029821562774,0.0413584819507046,True,-1.0894211267954834,True
PRIMARY_COMBINED,2025,1418,2025-11-14 20:45:00+00:00,-0.05006487740847136,0.0413584819507046,False,1.3220246157041988,True
PRIMARY_COMBINED,2025,1421,2025-11-18 03:15:00+00:00,-0.06409888376209595,0.0413584819507046,False,1.4163377544552982,True
PRIMARY_COMBINED,2025,1428,2025-11-20 23:30:00+00:00,0.06367522593640262,0.0413584819507046,True,-1.0820036712592844,True
PRIMARY_COMBINED,2025,1430,2025-11-21 12:15:00+00:00,-0.03681228144264699,0.0413584819507046,False,0.0,False
PRIMARY_COMBINED,2025,1431,2025-11-21 16:45:00+00:00,0.11582191360657128,0.0413584819507046,True,0.0,False
PRIMARY_COMBINED,2025,1432,2025-11-21 21:15:00+00:00,0.17598744715691023,0.0413584819507046,True,1.425568036565561,True
PRIMARY_COMBINED,2026_JAN_JUL,1479,2026-01-30 06:30:00+00:00,0.08257547785740166,0.0689908121343666,True,0.0,False
PRIMARY_COMBINED,2026_JAN_JUL,1482,2026-01-31 18:30:00+00:00,0.21295104782866703,0.0689908121343666,True,0.0,False
PRIMARY_COMBINED,2026_JAN_JUL,1487,2026-02-02 04:15:00+00:00,0.14240945177666037,0.0689908121343666,True,0.0,False
PRIMARY_COMBINED,2026_JAN_JUL,1492,2026-02-04 01:00:00+00:00,0.17845992731755678,0.0689908121343666,True,0.0,False
PRIMARY_COMBINED,2026_JAN_JUL,1499,2026-02-05 19:45:00+00:00,0.20459435860161473,0.0689908121343666,True,-1.0444525,True
PRIMARY_COMBINED,2026_JAN_JUL,1500,2026-02-05 23:45:00+00:00,0.12882795328479313,0.0689908121343666,True,-1.034880257544283,True
PRIMARY_COMBINED,2026_JAN_JUL,1501,2026-02-06 05:30:00+00:00,0.31975727505732054,0.0689908121343666,True,1.4455458216263288,True
PRIMARY_COMBINED,2026_JAN_JUL,1502,2026-02-06 09:30:00+00:00,0.3313371301349091,0.0689908121343666,True,-1.065786027699839,True
PRIMARY_COMBINED,2026_JAN_JUL,1512,2026-02-28 06:30:00+00:00,0.11306907117644105,0.0689908121343666,True,1.4684004117190763,True
PRIMARY_COMBINED,2026_JAN_JUL,1529,2026-03-23 06:45:00+00:00,-0.06497473596771403,0.0689908121343666,False,1.3637536198367077,True
PRIMARY_COMBINED,2026_JAN_JUL,1540,2026-04-07 10:45:00+00:00,0.2870816763582693,0.0689908121343666,True,1.3802015675029056,True
PRIMARY_COMBINED,2026_JAN_JUL,1560,2026-05-11 03:00:00+00:00,0.016077202835498794,0.0689908121343666,False,0.0,False
PRIMARY_COMBINED,2026_JAN_JUL,1571,2026-05-24 22:45:00+00:00,-0.03498945884306727,0.0689908121343666,False,-1.180329695193435,True
PRIMARY_COMBINED,2026_JAN_JUL,1581,2026-06-02 01:45:00+00:00,0.03119212447813665,0.0689908121343666,False,-1.0999833304959745,True
PRIMARY_COMBINED,2026_JAN_JUL,1582,2026-06-02 09:15:00+00:00,0.024128788259148368,0.0689908121343666,False,0.0,False
PRIMARY_COMBINED,2026_JAN_JUL,1584,2026-06-02 21:15:00+00:00,0.009860838136102543,0.0689908121343666,False,0.0,False
PRIMARY_COMBINED,2026_JAN_JUL,1585,2026-06-03 03:30:00+00:00,0.15031872437831162,0.0689908121343666,True,1.437522232079828,True
PRIMARY_COMBINED,2026_JAN_JUL,1588,2026-06-04 01:45:00+00:00,-0.17574603409979295,0.0689908121343666,False,1.4600713293355905,True
PRIMARY_COMBINED,2026_JAN_JUL,1592,2026-06-05 02:30:00+00:00,-0.252491519123416,0.0689908121343666,False,1.4143561659776038,True
PRIMARY_COMBINED,2026_JAN_JUL,1597,2026-06-06 04:00:00+00:00,-0.3072202550978019,0.0689908121343666,False,1.4616447932717003,True
PRIMARY_COMBINED,2026_JAN_JUL,1598,2026-06-06 10:15:00+00:00,-0.1658039686990479,0.0689908121343666,False,1.3855759065590558,True
PRIMARY_COMBINED,2026_JAN_JUL,1630,2026-07-31 02:00:00+00:00,-0.0034939488497022636,0.0689908121343666,False,-1.2190864965986394,True
