impulse_dir,btc_z15,btc_z60,btc_z4h,btc_z24h,btc_vol_z,btc_range_z,btc_corr7d_lag,hour_sin,hour_cos,event_i,event_time,split,event_open,event_high,event_low,event_close,common_exit,parent_family,raw_24h,cont_24h,rev_24h,p_cont,p_rev,router_conf,router_side,source_row,filled,fill_time,signal_net_R,gross_R,cost_R,outcome,stop_frac,episode_7d,prior_virtual_fills,vf1_mature,real_R,real_fill
-1.0,-2.1952617631546785,-2.138082958475704,-4.655022058280735,-2.117527474008582,2.4906080171401457,2.6610247121193096,-0.026642302743071673,-0.8314696123025452,-0.5555702330196022,13464,2021-05-21 15:45:00+00:00,DEV_2021_2024,41124.3,41789.4,36444.44,36794.57,38162.4,H4_DISPLACEMENT_EXTREME,0.03692931716955661,-0.03692931716955661,0.03692931716955661,0.258196886731902,0.3144390116478376,0.3144390116478376,REV,22,False,,0.0,0.0,0.0,NO_FILL,,1,0,False,0.0,False
-1.0,0.5282164693995773,-1.2437381783275478,-2.33330700359629,-2.348195797025471,1.0429796354637695,0.48913096696828934,-0.040386047678241936,-0.8314696123025452,-0.5555702330196022,13656,2021-05-23 15:45:00+00:00,DEV_2021_2024,35386.8,35800.0,32600.0,33318.09,37539.63,H4_DISPLACEMENT_EXTREME,0.12676061833774455,-0.12676061833774455,0.12676061833774455,0.1904182192179211,0.3646954034310529,0.3646954034310529,REV,23,True,2021-05-23 16:15:00+00:00,1.4950440484375,1.5,0.0049559515625,TP,0.10088879878958665,1,0,False,0.0,False
-1.0,-2.4603707360872202,-1.0832741514827096,-2.4404971567660203,-0.34069649283610554,0.8897434034859291,1.2269762171499006,-0.03708141867295751,0.06540312923014312,-0.9978589232386035,13832,2021-05-25 11:45:00+00:00,DEV_2021_2024,38993.91,39110.0,36486.0,36537.16,39850.65,H4_DISPLACEMENT_EXTREME,0.09068792136884185,-0.09068792136884185,0.09068792136884185,0.18706803311736886,0.33619339146127103,0.33619339146127103,REV,24,False,,0.0,0.0,0.0,NO_FILL,,1,1,True,0.0,False
-1.0,-1.411239502769522,-1.374535645271023,-3.7567230795472497,1.211141989537861,0.7717220503887172,0.7028949816212341,0.09958545229453773,-0.0654031292301428,0.9978589232386035,19832,2021-07-26 23:45:00+00:00,DEV_2021_2024,39361.36,39510.96,36764.93,37237.6,39457.87,H4_DISPLACEMENT_EXTREME,0.05951828251031843,-0.05951828251031843,0.05951828251031843,0.22685617598878297,0.33687588470231644,0.33687588470231644,REV,28,False,,0.0,0.0,0.0,NO_FILL,,2,0,False,0.0,False
-1.0,-1.9376327965575153,-1.1527493975409446,-2.395676323867114,-0.48169946712164385,1.2926882925769452,1.711473894434877,0.13623920784213278,0.8314696123025451,0.5555702330196024,24438,2021-09-13 03:45:00+00:00,DEV_2021_2024,46025.23,46285.71,44555.0,44617.79,45186.85,H4_DISPLACEMENT_EXTREME,0.012824702541853972,-0.012824702541853972,0.012824702541853972,0.31165188037202973,0.35679908759908624,0.35679908759908624,REV,34,False,,0.0,0.0,0.0,NO_FILL,,3,0,False,0.0,False
-1.0,2.854914455267751,0.830791817647669,-2.308430126756323,-1.4970237209297406,1.4640669438010494,1.3295627961292693,0.03760978083838802,-0.0654031292301428,0.9978589232386035,25286,2021-09-21 23:45:00+00:00,DEV_2021_2024,42010.81,42331.87,39600.0,40734.38,43543.61,H4_DISPLACEMENT_EXTREME,0.06897220485347777,-0.06897220485347777,0.06897220485347777,0.283301303558447,0.3784071280405359,0.3784071280405359,REV,36,False,,0.0,0.0,0.0,NO_FILL,,4,0,False,0.0,False
-1.0,-1.2014717932247976,-1.2473114988647112,-3.2078569311816376,-1.9376265308981548,1.0384072072822264,1.8014499114519247,-0.026642565403501097,-0.8968727415326885,0.442288690219001,31214,2021-11-22 19:45:00+00:00,DEV_2021_2024,58194.78,58250.0,55800.0,55993.03,57778.2,H4_DISPLACEMENT_EXTREME,0.03188181959757852,-0.03188181959757852,0.03188181959757852,0.20314055058813704,0.35931878432814,0.35931878432814,REV,47,False,,0.0,0.0,0.0,NO_FILL,,5,0,False,0.0,False
-1.0,-2.2568628364385366,-1.9328853526098202,-4.709427336725227,-2.6211488624144286,2.185763506768522,1.585535906739405,-0.04126959595864215,0.06540312923014312,-0.9978589232386035,31566,2021-11-26 11:45:00+00:00,DEV_2021_2024,56966.32,56966.32,53680.45,53719.3,54605.73,H4_DISPLACEMENT_EXTREME,0.01650095654616579,-0.01650095654616579,0.01650095654616579,0.26598152620910115,0.36227905032434465,0.36227905032434465,REV,48,False,,0.0,0.0,0.0,NO_FILL,,5,0,False,0.0,False
-1.0,0.20928526920639348,-2.6379499796984756,-3.178177160184024,-0.6119288854109562,1.9810727798533592,0.6677879623610928,-0.023006247151433384,0.06540312923014312,-0.9978589232386035,39918,2022-02-21 11:45:00+00:00,DEV_2021_2024,39294.06,39362.15,37348.49,37577.33,37519.48,H4_DISPLACEMENT_EXTREME,-0.0015068088492418141,0.0015068088492418141,-0.0015068088492418141,0.20424357732255558,0.31795097514184206,0.31795097514184206,REV,62,False,,0.0,0.0,0.0,NO_FILL,,6,0,False,0.0,False
-1.0,0.39096320775237975,-3.908665506286845,-4.754724521139008,-2.342045951434929,2.6678260944578693,2.8757192941733525,-0.018988637992336563,0.8314696123025451,0.5555702330196024,40174,2022-02-24 03:45:00+00:00,DEV_2021_2024,37250.02,37427.81,34720.53,34936.89,38923.36,H4_DISPLACEMENT_EXTREME,0.11410457138441021,-0.11410457138441021,0.11410457138441021,0.2527910469659277,0.3817551645732733,0.3817551645732733,REV,63,False,,0.0,0.0,0.0,NO_FILL,,6,0,False,0.0,False
-1.0,-0.6539997738149315,-2.190280194237373,-2.8552869493328816,-2.527672169288007,1.8582138246048152,1.110352317533122,-0.001993118481645843,-0.8314696123025452,-0.5555702330196022,45694,2022-04-22 15:45:00+00:00,DEV_2021_2024,40585.54,40640.0,39320.02,39433.6,39792.65,H4_DISPLACEMENT_EXTREME,0.009105179339446545,-0.009105179339446545,0.009105179339446545,0.23582404723483816,0.3290827140064948,0.3290827140064948,REV,75,False,,0.0,0.0,0.0,NO_FILL,,7,0,False,0.0,False
-1.0,-0.242488588278871,-1.26584202049536,-2.5535453789428315,-0.8463776442728445,0.5800225181508315,0.03868572102074209,0.04647407682719868,-0.8314696123025452,-0.5555702330196022,48382,2022-05-20 15:45:00+00:00,DEV_2021_2024,30414.06,30449.98,29071.39,29152.9,29552.47,H4_DISPLACEMENT_EXTREME,0.01370601209485156,-0.01370601209485156,0.01370601209485156,0.19321862228270403,0.3571897517779978,0.3571897517779978,REV,82,False,,0.0,0.0,0.0,NO_FILL,,8,0,False,0.0,False
-1.0,-0.3890058919960922,0.6442368291641185,-3.6159981078536085,-1.3689990692822442,0.5251977476059259,-0.49890939542638735,0.09639703585875217,0.8314696123025451,0.5555702330196024,50062,2022-06-07 03:45:00+00:00,DEV_2021_2024,31373.1,31381.03,29218.96,29563.62,30026.72,H4_DISPLACEMENT_EXTREME,0.015664866367808283,-0.015664866367808283,0.015664866367808283,0.30968597255762736,0.44355911650360547,0.44355911650360547,REV,84,False,,0.0,0.0,0.0,NO_FILL,,9,0,False,0.0,False
-1.0,1.0043100115365966,-1.0048753553080418,-3.349138137785838,-1.8253551743034795,1.1866187048911112,1.569648668969612,-0.01687645165790577,0.8968727415326884,-0.44228869021900113,51134,2022-06-18 07:45:00+00:00,DEV_2021_2024,20459.65,20537.34,19066.8,19258.58,18306.93,H4_DISPLACEMENT_EXTREME,-0.04941433895957026,0.04941433895957026,-0.04941433895957026,0.22309504892846177,0.4361147262728249,0.4361147262728249,REV,88,False,,0.0,0.0,0.0,NO_FILL,,10,0,False,0.0,False
-1.0,-0.5184087493053993,-0.8519839004083429,-2.524513716698478,-2.5510060259786633,1.086766303656147,0.27912596831270925,-0.026626692696824245,-0.8968727415326885,0.442288690219001,51182,2022-06-18 19:45:00+00:00,DEV_2021_2024,18953.76,19101.28,18031.13,18067.6,20124.08,H4_DISPLACEMENT_EXTREME,0.11382080972524866,-0.11382080972524866,0.11382080972524866,0.22534647409249653,0.35290538092601,0.35290538092601,REV,89,False,,0.0,0.0,0.0,NO_FILL,,10,0,False,0.0,False
-1.0,0.6818215386125257,-0.6528914335680268,-2.9668254730248056,-0.7450403994192442,1.3709599336981941,1.0367108561781324,0.07869879206663065,-0.8314696123025452,-0.5555702330196022,58174,2022-08-30 15:45:00+00:00,DEV_2021_2024,20403.8,20450.0,19650.0,19756.24,20140.63,H4_DISPLACEMENT_EXTREME,0.019456637497823337,-0.019456637497823337,0.019456637497823337,0.2451478187910094,0.3405547497833006,0.3405547497833006,REV,98,False,,0.0,0.0,0.0,NO_FILL,,11,0,False,0.0,False
-1.0,-0.6046795818841235,-1.250536230145259,-4.72389943339894,-1.5652398039296105,1.1841690320291207,0.006797713859736892,0.04779470014690404,-0.8968727415326885,0.442288690219001,58862,2022-09-06 19:45:00+00:00,DEV_2021_2024,19818.37,19855.0,18733.97,18824.41,18992.38,H4_DISPLACEMENT_EXTREME,0.0089728360536947,-0.0089728360536947,0.0089728360536947,0.24947091007363925,0.3705183926093504,0.3705183926093504,REV,100,False,,0.0,0.0,0.0,NO_FILL,,12,0,False,0.0,False
-1.0,-1.2278454662598066,-1.4335925948494572,-6.613541621001123,-1.8706091015497726,1.9880998538196517,1.1809294551830138,0.10387732317770897,-0.8314696123025452,-0.5555702330196022,59518,2022-09-13 15:45:00+00:00,DEV_2021_2024,22522.74,22799.0,20751.0,20829.77,20178.79,H4_DISPLACEMENT_EXTREME,-0.03125238540800013,0.03125238540800013,-0.03125238540800013,0.3178824853176345,0.3846807576623573,0.3846807576623573,REV,103,False,,0.0,0.0,0.0,NO_FILL,,12,0,False,0.0,False
-1.0,-0.03245072168881033,0.5180098660941037,-3.972123062978878,-2.3515947485819098,-0.8045848000087701,-0.6616785022468591,0.15281502634483224,0.06540312923014312,-0.9978589232386035,68526,2022-12-16 11:45:00+00:00,DEV_2021_2024,17503.36,17519.64,16918.97,17027.09,16708.22,H4_DISPLACEMENT_EXTREME,-0.018727216453310547,0.018727216453310547,-0.018727216453310547,0.24322829658729858,0.5464130654560029,0.5464130654560029,REV,118,False,,0.0,0.0,0.0,NO_FILL,,13,0,False,0.0,False
-1.0,-1.8278674107105486,-1.6025046099769453,-2.7594557952176557,-1.1087305410496484,1.5579614764452592,1.4502128270431627,-0.029273409642688788,0.06540312923014312,-0.9978589232386035,72846,2023-01-30 11:45:00+00:00,DEV_2021_2024,23642.81,23676.98,23017.0,23077.47,22865.43,H4_DISPLACEMENT_EXTREME,-0.009188182240081,0.009188182240081,-0.009188182240081,0.21660186508108015,0.33090049363992136,0.33090049363992136,REV,126,False,,0.0,0.0,0.0,NO_FILL,,14,0,False,0.0,False
-1.0,-4.728712349352115,-4.202725303766193,-5.823374947428928,-1.3862640333893543,2.3900591907302826,3.1303488349944586,0.09452691380516988,-0.0654031292301428,0.9978589232386035,74526,2023-02-16 23:45:00+00:00,DEV_2021_2024,24872.58,24879.81,23505.25,23517.72,24569.97,H4_DISPLACEMENT_EXTREME,0.04474285772600406,-0.04474285772600406,0.04474285772600406,0.30560351713231365,0.3265840569807041,0.3265840569807041,REV,130,False,,0.0,0.0,0.0,NO_FILL,,15,0,False,0.0,False
-1.0,-0.058796841264963755,-4.163880795408846,-2.636664396668883,-0.6790992050200148,1.7530250057555092,1.068001255618468,-0.012254786820162584,0.06540312923014312,-0.9978589232386035,75150,2023-02-23 11:45:00+00:00,DEV_2021_2024,24377.12,24494.28,23647.46,23780.2,23883.72,H4_DISPLACEMENT_EXTREME,0.004352779054516365,-0.004352779054516365,0.004352779054516365,0.1702790495322503,0.3205506746264526,0.3205506746264526,REV,131,False,,0.0,0.0,0.0,NO_FILL,,15,0,False,0.0,False
-1.0,-0.6434096293178933,-0.24754825737248615,-5.027162899019088,-2.006885715341752,0.3154974475054365,0.18204922418011746,0.14185645776269692,0.8314696123025451,0.5555702330196024,75886,2023-03-03 03:45:00+00:00,DEV_2021_2024,23465.32,23476.95,21971.13,22319.69,22346.66,H4_DISPLACEMENT_EXTREME,0.0012083501159738663,-0.0012083501159738663,0.0012083501159738663,0.3103520487856206,0.507264027961278,0.507264027961278,REV,132,False,,0.0,0.0,0.0,NO_FILL,,16,0,False,0.0,False
-1.0,0.3721268059649024,0.36544986558838877,-2.8465128195627982,-1.90188629404662,0.15788220312796178,-0.5405387378870415,0.08077313322558127,0.06540312923014312,-0.9978589232386035,80425,2023-04-19 11:45:00+00:00,DEV_2021_2024,30077.76,30077.76,29000.0,29310.65,28607.13,H4_DISPLACEMENT_EXTREME,-0.02400186416946193,0.02400186416946193,-0.02400186416946193,0.24425732050501625,0.4518883822792348,0.4518883822792348,REV,139,False,,0.0,0.0,0.0,NO_FILL,,17,0,False,0.0,False
-1.0,-1.1120288699939223,-3.8063988089135243,-3.0078249362690466,-1.3612111502041495,0.8765736108932412,0.5348662557559103,0.029551666649285248,-0.8968727415326885,0.442288690219001,80649,2023-04-21 19:45:00+00:00,DEV_2021_2024,28040.7,28090.54,27184.54,27279.91,27622.61,H4_DISPLACEMENT_EXTREME,0.012562729335518164,-0.012562729335518164,0.012562729335518164,0.1715430441960571,0.34321873433069744,0.34321873433069744,REV,140,False,,0.0,0.0,0.0,NO_FILL,,17,0,False,0.0,False
-1.0,-1.2626621819463175,1.2266617200775838,-3.315384370870014,-1.5807976782557076,0.9823928541116077,0.32258569498653994,0.0400343549813635,0.8968727415326884,-0.44228869021900113,85401,2023-06-10 07:45:00+00:00,DEV_2021_2024,26323.07,26349.17,25456.41,25651.09,25741.33,H4_DISPLACEMENT_EXTREME,0.00351837037660796,-0.00351837037660796,0.00351837037660796,0.3158785115495367,0.41625738551792046,0.41625738551792046,REV,147,False,,0.0,0.0,0.0,NO_FILL,,18,0,False,0.0,False
-1.0,0.45821997311978313,1.0406047035583195,-3.693917743499869,-1.586586649133068,0.1364197828886885,-0.364950505534244,-0.0040282934020196386,-0.0654031292301428,0.9978589232386035,85849,2023-06-14 23:45:00+00:00,DEV_2021_2024,25874.58,25879.69,24820.56,25128.6,25598.49,H4_DISPLACEMENT_EXTREME,0.018699410233757652,-0.018699410233757652,0.018699410233757652,0.2302544301725,0.4422523207254506,0.4422523207254506,REV,148,False,,0.0,0.0,0.0,NO_FILL,,18,0,False,0.0,False
-1.0,0.216438148716105,0.13311552299369528,-4.471060505671149,-2.592955671307084,0.8312829132080026,-0.0929309435338446,0.022404909287504233,-0.8968727415326885,0.442288690219001,88713,2023-07-14 19:45:00+00:00,DEV_2021_2024,31240.49,31275.5,29900.0,30115.17,30326.47,H4_DISPLACEMENT_EXTREME,0.007016062995472749,-0.007016062995472749,0.007016062995472749,0.2577671397675881,0.4178339629865868,0.4178339629865868,REV,152,False,,0.0,0.0,0.0,NO_FILL,,19,0,False,0.0,False
-1.0,0.10913474459373511,-0.5389506226038077,-3.0019810367265243,-1.667665175096333,-0.16912352878132386,-0.5364753865012548,-0.048434138176392666,0.06540312923014312,-0.9978589232386035,89641,2023-07-24 11:45:00+00:00,DEV_2021_2024,29828.0,29832.54,29000.0,29269.99,29128.29,H4_DISPLACEMENT_EXTREME,-0.004841135921126116,0.004841135921126116,-0.004841135921126116,0.15835855698469092,0.4512440346007097,0.4512440346007097,REV,153,False,,0.0,0.0,0.0,NO_FILL,,20,0,False,0.0,False
-1.0,-1.4283792358023784,-1.1393840389688805,-3.4178216579641094,-1.7670130211420423,0.5548797373873618,0.9147532604054678,0.2851682747002726,-0.8968727415326885,0.442288690219001,93321,2023-08-31 19:45:00+00:00,DEV_2021_2024,26922.01,26924.87,25928.0,26162.79,25645.66,H4_DISPLACEMENT_EXTREME,-0.019765858304867323,0.019765858304867323,-0.019765858304867323,0.34101778229229485,0.40786747058868217,0.40786747058868217,REV,161,False,,0.0,0.0,0.0,NO_FILL,,21,0,False,0.0,False
-1.0,-1.4532315575476846,0.28932816275387646,-2.698552419742296,-2.243260493817783,0.9047313356018282,0.5646799938432722,0.03288710521016692,-0.8968727415326885,0.442288690219001,100521,2023-11-14 19:45:00+00:00,DEV_2021_2024,36147.09,36417.23,34800.0,35293.99,37499.99,H4_DISPLACEMENT_EXTREME,0.06250325834419446,-0.06250325834419446,0.06250325834419446,0.2701597803428737,0.359718004404747,0.359718004404747,REV,176,False,,0.0,0.0,0.0,NO_FILL,,22,0,False,0.0,False
-1.0,-3.586399901819848,-3.6326992489533567,-3.622894449236123,-2.150127409635908,1.95419587557713,2.249559307906576,0.0062885642767969005,-0.0654031292301428,0.9978589232386035,101209,2023-11-21 23:45:00+00:00,DEV_2021_2024,36979.99,37170.0,35735.0,35741.65,37408.34,H4_DISPLACEMENT_EXTREME,0.046631590875071405,-0.046631590875071405,0.046631590875071405,0.25229986167460683,0.3233482749101118,0.3233482749101118,REV,178,False,,0.0,0.0,0.0,NO_FILL,,23,0,False,0.0,False
-1.0,-0.685440282455522,0.1275742953016341,-3.1311499331766544,-1.4407313116705518,0.9839298682043188,0.3440903296658189,-0.07474918235466306,-0.8314696123025452,-0.5555702330196022,109241,2024-02-13 15:45:00+00:00,DEV_2021_2024,49988.12,49996.0,48400.0,48727.47,51590.0,H4_DISPLACEMENT_EXTREME,0.05874571366007708,-0.05874571366007708,0.05874571366007708,0.19814490223236872,0.3482520391306673,0.3482520391306673,REV,191,False,,0.0,0.0,0.0,NO_FILL,,24,0,False,0.0,False
-1.0,0.24445471185673884,-0.6146795353509522,-3.0855994055875438,-1.8422119652036395,0.24367918976685365,-0.2050404539357852,0.08302081807174601,0.8314696123025451,0.5555702330196024,113897,2024-04-02 03:45:00+00:00,DEV_2021_2024,69649.81,69674.23,66000.0,66703.97,66225.79,H4_DISPLACEMENT_EXTREME,-0.007168688760204378,0.007168688760204378,-0.007168688760204378,0.25485039118254743,0.466872309769328,0.466872309769328,REV,204,False,,0.0,0.0,0.0,NO_FILL,,25,0,False,0.0,False
-1.0,-1.111452575126978,0.8154663121333128,-2.773862497680816,-1.6595270314844337,1.430480329709739,0.2919556267940351,-0.007655402174787855,-0.8968727415326885,0.442288690219001,114921,2024-04-12 19:45:00+00:00,DEV_2021_2024,69347.3,69580.0,65086.86,66843.98,64788.01,H4_DISPLACEMENT_EXTREME,-0.030757743629269196,0.030757743629269196,-0.030757743629269196,0.2822696000009213,0.3181545833629184,0.3181545833629184,REV,205,False,,0.0,0.0,0.0,NO_FILL,,26,0,False,0.0,False
-1.0,-1.1377172510931646,-5.138898400264968,-3.6587548421479363,-3.313090418238358,2.3400772467917537,1.6167604401265203,0.06073972435264814,0.8968727415326884,-0.44228869021900113,116697,2024-05-01 07:45:00+00:00,DEV_2021_2024,60246.02,60361.09,57100.0,57499.99,57681.08,H4_DISPLACEMENT_EXTREME,0.0031492173913043597,-0.0031492173913043597,0.0031492173913043597,0.27157561036236527,0.3884181492368982,0.3884181492368982,REV,209,False,,0.0,0.0,0.0,NO_FILL,,27,0,False,0.0,False
-1.0,-0.19980982039093767,-0.3014014756809036,-2.9841760950216605,-0.5972710768784103,0.9519404599201379,0.3446823615845738,-0.006628057410039732,-0.8314696123025452,-0.5555702330196022,117593,2024-05-10 15:45:00+00:00,DEV_2021_2024,63299.63,63469.13,60690.0,60928.02,61174.18,H4_DISPLACEMENT_EXTREME,0.004040177245214993,-0.004040177245214993,0.004040177245214993,0.20219092937649008,0.33886328373723845,0.33886328373723845,REV,211,False,,0.0,0.0,0.0,NO_FILL,,28,0,False,0.0,False
-1.0,-1.3260264739287526,0.3132990464396496,-3.1968288586150617,-1.0267609234493515,0.8870621975061125,0.0772486673811985,0.011786020608837855,-0.8968727415326885,0.442288690219001,120297,2024-06-07 19:45:00+00:00,DEV_2021_2024,71111.55,71208.89,68420.0,69255.0,69460.01,H4_DISPLACEMENT_EXTREME,0.0029600746574147685,-0.0029600746574147685,0.0029600746574147685,0.2442760965973255,0.33824626843168637,0.33824626843168637,REV,214,False,,0.0,0.0,0.0,NO_FILL,,29,0,False,0.0,False
-1.0,-0.22971533103901196,-3.055467608060859,-2.5824737402292044,-2.102897942726363,1.4085901684938644,0.8158644589093483,0.04837148684591778,-0.8314696123025452,-0.5555702330196022,125561,2024-08-01 15:45:00+00:00,DEV_2021_2024,64674.26,64949.58,62666.07,62906.6,63416.01,H4_DISPLACEMENT_EXTREME,0.008084417359854434,-0.008084417359854434,0.008084417359854434,0.21031022942000557,0.3439534237531634,0.3439534237531634,REV,226,False,,0.0,0.0,0.0,NO_FILL,,30,0,False,0.0,False
-1.0,0.5631348532939242,-1.943734614557972,-3.0901648948892,-0.8038577323433157,1.3315990781475737,0.8138394804062051,-0.048097497683776615,-0.8968727415326885,0.442288690219001,126921,2024-08-15 19:45:00+00:00,DEV_2021_2024,59682.85,59849.38,56680.0,57047.46,59683.39,H4_DISPLACEMENT_EXTREME,0.046226453791777145,-0.046226453791777145,0.046226453791777145,0.17530333083286123,0.3226236565388479,0.3226236565388479,REV,235,False,,0.0,0.0,0.0,NO_FILL,,31,0,False,0.0,False
-1.0,-0.9283540734304041,-0.1831272149704939,-2.920739641180669,-1.459269724145426,0.3830846753342082,0.05004829956110604,-0.06328502930041306,-0.0654031292301428,0.9978589232386035,128089,2024-08-27 23:45:00+00:00,DEV_2021_2024,62102.0,62102.01,58034.01,59415.0,59034.9,H4_DISPLACEMENT_EXTREME,-0.006397374400403888,0.006397374400403888,-0.006397374400403888,0.1964930558336911,0.38970286219793643,0.38970286219793643,REV,236,False,,0.0,0.0,0.0,NO_FILL,,32,0,False,0.0,False
-1.0,-3.413291411912563,-1.7509199753883367,-3.9283185355799057,-2.414335278755793,2.2529557153316944,2.8381792487884003,0.019533981693245387,-0.8314696123025452,-0.5555702330196022,135641,2024-11-14 15:45:00+00:00,DEV_2021_2024,91491.85,91790.0,87829.57,87947.99,88445.41,H4_DISPLACEMENT_EXTREME,0.00565584273159625,-0.00565584273159625,0.00565584273159625,0.289168301425411,0.31458297607622204,0.31458297607622204,REV,250,False,,0.0,0.0,0.0,NO_FILL,,33,0,False,0.0,False
-1.0,1.4898676773863815,-3.8786224032929275,-2.788565242082252,-1.865220212780791,2.3964704991517354,3.2802793682880065,0.05581000154342953,-0.8314696123025452,-0.5555702330196022,140825,2025-01-07 15:45:00+00:00,BRIDGE_2025,100830.86,100960.06,97153.5,97952.26,95493.77,H4_DISPLACEMENT_EXTREME,-0.025098859383132055,0.025098859383132055,-0.025098859383132055,0.21445925720848788,0.3247976038564683,0.3247976038564683,REV,260,False,,0.0,0.0,0.0,NO_FILL,,34,0,False,0.0,False
-1.0,-0.6122046175919714,-1.6341940779793362,-2.7888370568084504,-1.4494333482382091,1.8830238585477173,0.9944216793423784,0.03757740464803063,0.06540312923014312,-0.9978589232386035,141385,2025-01-13 11:45:00+00:00,BRIDGE_2025,93590.24,93661.55,90833.12,90851.22,96548.04,H4_DISPLACEMENT_EXTREME,0.06270481973661779,-0.06270481973661779,0.06270481973661779,0.26334521284272844,0.33592318985750313,0.33592318985750313,REV,261,False,,0.0,0.0,0.0,NO_FILL,,34,0,False,0.0,False
-1.0,-0.13284987249992491,-0.5451744223972419,-2.7550107240192516,-1.5141098087283298,0.9261947950095074,0.07130687471845545,0.015688028533301163,-0.8968727415326885,0.442288690219001,143145,2025-01-31 19:45:00+00:00,BRIDGE_2025,105464.0,105574.4,102122.0,102312.32,101669.6,H4_DISPLACEMENT_EXTREME,-0.006281844286381455,0.006281844286381455,-0.006281844286381455,0.22695661215893556,0.3494451830153556,0.3494451830153556,REV,266,False,,0.0,0.0,0.0,NO_FILL,,35,0,False,0.0,False
-1.0,0.6402994680344608,0.8501548187732901,-3.282336974841704,-2.141459531196699,1.1485454010746643,0.3155842312859032,0.007105017150712507,0.8314696123025451,0.5555702330196024,143369,2025-02-03 03:45:00+00:00,BRIDGE_2025,97700.59,97782.79,91231.0,94038.74,100629.7,H4_DISPLACEMENT_EXTREME,0.07008759686831234,-0.07008759686831234,0.07008759686831234,0.3009776478670015,0.42799839480231433,0.42799839480231433,REV,267,False,,0.0,0.0,0.0,NO_FILL,,35,0,False,0.0,False
-1.0,-0.6566657304254766,-2.631254103603932,-2.938820567174875,-1.459145628933585,1.5222039219969254,0.7696073429460477,0.012234058914942076,-0.8968727415326885,0.442288690219001,145161,2025-02-21 19:45:00+00:00,BRIDGE_2025,98104.04,98757.0,95247.15,95285.11,96639.99,H4_DISPLACEMENT_EXTREME,0.014219220610649508,-0.014219220610649508,0.014219220610649508,0.21182655804462544,0.3162410390882498,0.3162410390882498,REV,269,False,,0.0,0.0,0.0,NO_FILL,,36,0,False,0.0,False
-1.0,1.0720306283045795,-4.47553342722135,-3.1820479294180446,-3.257372778353694,2.5067220235875065,1.5752924734236033,0.047987110770513146,0.8968727415326884,-0.44228869021900113,145497,2025-02-25 07:45:00+00:00,BRIDGE_2025,92153.93,92327.88,88200.0,89320.01,88720.02,H4_DISPLACEMENT_EXTREME,-0.006717307801465622,0.006717307801465622,-0.006717307801465622,0.2699068703555153,0.3908449452477561,0.3908449452477561,REV,270,False,,0.0,0.0,0.0,NO_FILL,,36,0,False,0.0,False
-1.0,-0.8107856232429128,-0.9157857285240524,-4.355670468153162,-1.9481026886992736,2.2155714883186812,1.4199141494225564,0.06162929400304618,-0.8968727415326885,0.442288690219001,145641,2025-02-26 19:45:00+00:00,BRIDGE_2025,87567.53,87806.62,83418.0,83856.99,84113.98,H4_DISPLACEMENT_EXTREME,0.003064741897454537,-0.003064741897454537,0.003064741897454537,0.3219141513448614,0.32665125874241996,0.32665125874241996,REV,271,False,,0.0,0.0,0.0,NO_FILL,,36,0,False,0.0,False
-1.0,-0.5670917765685788,-0.6034423991790114,-4.600259923021762,-1.0343771160015662,1.0123348642043404,-0.5650883979963913,-0.032274981287764785,-0.0654031292301428,0.9978589232386035,149017,2025-04-02 23:45:00+00:00,BRIDGE_2025,86900.01,88500.0,82320.0,82516.29,83213.09,H4_DISPLACEMENT_EXTREME,0.008444515433802868,-0.008444515433802868,0.008444515433802868,0.2312723781327977,0.37783934200393404,0.37783934200393404,REV,278,False,,0.0,0.0,0.0,NO_FILL,,37,0,False,0.0,False
-1.0,-1.4510962575123107,-2.758924282728918,-3.491473146134446,-1.9677735708782882,0.9855662761998041,0.3650617352650729,-0.029654910682939073,-0.8968727415326885,0.442288690219001,155145,2025-06-05 19:45:00+00:00,BRIDGE_2025,104531.5,104598.87,101596.62,101914.77,104219.8,H4_DISPLACEMENT_EXTREME,0.02261733236677399,-0.02261733236677399,0.02261733236677399,0.18294561479751315,0.3514722172585298,0.3514722172585298,REV,287,True,2025-06-05 20:45:00+00:00,1.4832769347989008,1.5,0.016723065201099178,TP,0.029898825005306797,38,0,False,0.0,False
-1.0,0.830512063240321,-1.404875318958331,-3.666507603613332,-1.777717341157598,1.411797008263638,0.6080706903584481,-0.026572196769477113,-0.8314696123025452,-0.5555702330196022,161849,2025-08-14 15:45:00+00:00,BRIDGE_2025,120949.66,121183.06,117632.0,118257.25,117275.22,H4_DISPLACEMENT_EXTREME,-0.0083042681692439,0.0083042681692439,-0.0083042681692439,0.20241725903666735,0.3617776280915285,0.3617776280915285,REV,300,False,,0.0,0.0,0.0,NO_FILL,,39,0,False,0.0,False
-1.0,0.8322186445914387,-0.3647936699869139,-2.933550355374896,-1.4780721739118414,1.6448831204620822,0.8006948386124952,-0.08038397913399119,0.8314696123025451,0.5555702330196024,162185,2025-08-18 03:45:00+00:00,BRIDGE_2025,117405.01,117543.75,115000.0,115319.0,114810.0,H4_DISPLACEMENT_EXTREME,-0.004413843338912038,0.004413843338912038,-0.004413843338912038,0.2402592968856611,0.3718938066808311,0.3718938066808311,REV,301,False,,0.0,0.0,0.0,NO_FILL,,39,0,False,0.0,False
-1.0,-2.7634967243111084,-0.7940184162628036,-3.1839009663538502,-2.2007111537708886,1.8798683668993612,1.709707707942125,-0.07247000138955804,0.8968727415326884,-0.44228869021900113,165561,2025-09-22 07:45:00+00:00,BRIDGE_2025,114649.89,114649.9,111800.0,112519.99,113090.13,H4_DISPLACEMENT_EXTREME,0.005066921436189142,-0.005066921436189142,0.005066921436189142,0.2727052925999745,0.35813618253484386,0.35813618253484386,REV,303,False,,0.0,0.0,0.0,NO_FILL,,40,0,False,0.0,False
-1.0,-1.1826618431760778,-1.228528101914243,-3.524850365536285,-2.9683379101558844,0.8318376690437245,0.3022495802685376,-0.047276527521686595,-0.8968727415326885,0.442288690219001,165897,2025-09-25 19:45:00+00:00,BRIDGE_2025,111580.77,111672.58,108631.51,109360.0,109172.2,H4_DISPLACEMENT_EXTREME,-0.0017172640819312912,0.0017172640819312912,-0.0017172640819312912,0.20847834039676152,0.3869840540251302,0.3869840540251302,REV,304,False,,0.0,0.0,0.0,NO_FILL,,40,0,False,0.0,False
-1.0,0.37461637768224976,-0.47855702144177953,-2.526652305763952,-1.0331061488026205,0.7832315092405845,-0.22571530091926023,-0.012305317703253143,0.8968727415326884,-0.44228869021900113,169689,2025-11-04 07:45:00+00:00,BRIDGE_2025,107158.79,107299.0,104200.0,104490.72,101993.02,H4_DISPLACEMENT_EXTREME,-0.023903651548802363,0.023903651548802363,-0.023903651548802363,0.2194912818993955,0.4034798539262287,0.4034798539262287,REV,318,False,,0.0,0.0,0.0,NO_FILL,,41,0,False,0.0,False
-1.0,-1.1045967146090363,-1.5633061975997082,-2.5518893356203027,-2.497196926897287,1.2713476895199916,0.8204071997569378,-0.002588885731118268,-0.8968727415326885,0.442288690219001,169737,2025-11-04 19:45:00+00:00,BRIDGE_2025,103197.02,103500.05,100010.73,100542.64,104008.09,H4_DISPLACEMENT_EXTREME,0.03446746574388726,-0.03446746574388726,0.03446746574388726,0.2309493525870574,0.3415913235282634,0.3415913235282634,REV,319,False,,0.0,0.0,0.0,NO_FILL,,41,0,False,0.0,False
-1.0,-0.9687833979403291,0.23718969299500445,-2.779409085998056,-1.10389733789465,1.1806023909255814,1.353665051443094,-0.030093871010870767,-0.8968727415326885,0.442288690219001,170601,2025-11-13 19:45:00+00:00,BRIDGE_2025,101382.63,101540.93,98147.4,98682.14,95778.29,H4_DISPLACEMENT_EXTREME,-0.02942619904941257,0.02942619904941257,-0.02942619904941257,0.2272592951677012,0.32594666358553454,0.32594666358553454,REV,321,False,,0.0,0.0,0.0,NO_FILL,,42,0,False,0.0,False
-1.0,-0.6894551116288905,-2.061897170786948,-2.5424613772584985,-0.7339194023756954,1.2991425455993866,1.3933545252472646,-0.030048372233257327,-0.8314696123025452,-0.5555702330196022,173657,2025-12-15 15:45:00+00:00,BRIDGE_2025,89641.28,89876.42,86621.91,87033.22,87977.43,H4_DISPLACEMENT_EXTREME,0.010848962137556262,-0.010848962137556262,0.010848962137556262,0.1746053924324084,0.31366171711292457,0.31366171711292457,REV,327,False,,0.0,0.0,0.0,NO_FILL,,43,0,False,0.0,False
-1.0,-1.3409632402078349,-3.0332886812560864,-3.2335804793469407,-2.137903049408108,1.7061282135414921,1.9481184756242524,0.028951144293662488,-0.8968727415326885,0.442288690219001,177609,2026-01-25 19:45:00+00:00,OOS_2026,88446.51,88448.85,86194.85,86495.16,88013.19,H4_DISPLACEMENT_EXTREME,0.017550344140603524,-0.017550344140603524,0.017550344140603524,0.2274102974320503,0.3298285028035432,0.3298285028035432,REV,331,False,,0.0,0.0,0.0,NO_FILL,,44,0,False,0.0,False
-1.0,-0.32606697643959914,0.40057704811400974,-2.9723282219409066,-1.1290451142353906,-0.12461065095086564,-0.7420591449818487,-0.0028592680516395376,0.8314696123025451,0.5555702330196024,180329,2026-02-23 03:45:00+00:00,OOS_2026,67643.39,67684.86,64290.71,64934.17,63595.51,H4_DISPLACEMENT_EXTREME,-0.020615798952108078,0.020615798952108078,-0.020615798952108078,0.21491885349036957,0.4512864783109431,0.4512864783109431,REV,343,False,,0.0,0.0,0.0,NO_FILL,,45,0,False,0.0,False
-1.0,-0.3170606517509789,0.5139472862170178,-2.36829909048637,-1.4196239576846843,0.44971714846480026,-0.5153684775528912,-0.028976404558973306,0.06540312923014312,-0.9978589232386035,183433,2026-03-27 11:45:00+00:00,OOS_2026,68540.49,68635.07,66231.96,66702.78,66319.47,H4_DISPLACEMENT_EXTREME,-0.005746537100852378,0.005746537100852378,-0.005746537100852378,0.20984959415633656,0.39542487899043743,0.39542487899043743,REV,345,False,,0.0,0.0,0.0,NO_FILL,,46,0,False,0.0,False
-1.0,-0.337647586669004,-2.0995852364778975,-2.774467413634099,-0.33617320842164206,1.2421980954328278,0.8416218344111042,0.01833139946873412,-0.8314696123025452,-0.5555702330196022,186617,2026-04-29 15:45:00+00:00,OOS_2026,77590.04,77596.39,75705.32,75924.25,76473.6,H4_DISPLACEMENT_EXTREME,0.007235633837098687,-0.007235633837098687,0.007235633837098687,0.18652905928622007,0.31572870542022446,0.31572870542022446,REV,349,False,,0.0,0.0,0.0,NO_FILL,,47,0,False,0.0,False
-1.0,-1.2831447250821357,-1.3656705420174002,-2.8820619338416225,-1.6777360344159469,1.3456822587765984,1.2701046715108326,-0.0586322862620084,-0.8314696123025452,-0.5555702330196022,190553,2026-06-09 15:45:00+00:00,OOS_2026,62711.12,62895.18,61037.0,61131.84,62639.23,H4_DISPLACEMENT_EXTREME,0.024657850204108156,-0.024657850204108156,0.024657850204108156,0.19445919292353295,0.32964714198373973,0.32964714198373973,REV,360,False,,0.0,0.0,0.0,NO_FILL,,48,0,False,0.0,False
-1.0,2.2943751436449826,0.3460883113646935,-2.773152933413855,-0.1617887099408818,1.0975368849809237,1.751990820649436,0.07287189349713705,-0.8314696123025452,-0.5555702330196022,192089,2026-06-25 15:45:00+00:00,OOS_2026,61282.0,61761.35,58115.01,59557.99,60328.32,H4_DISPLACEMENT_EXTREME,0.012934116816232466,-0.012934116816232466,0.012934116816232466,0.2232344781398093,0.36180138759461583,0.36180138759461583,REV,365,False,,0.0,0.0,0.0,NO_FILL,,49,0,False,0.0,False
-1.0,0.5814946778930634,-0.17670289137338022,-2.832560451222146,-1.802207293171359,-0.08549867347457019,-0.2605708689582866,-0.011543789717232618,-0.0654031292301428,0.9978589232386035,195193,2026-07-27 23:45:00+00:00,OOS_2026,64983.99,65056.0,63605.56,63755.86,63915.0,H4_DISPLACEMENT_EXTREME,0.0024960842815076045,-0.0024960842815076045,0.0024960842815076045,0.19210504986333252,0.44231231450638997,0.44231231450638997,REV,367,False,,0.0,0.0,0.0,NO_FILL,,50,0,False,0.0,False
