impulse_dir,btc_z15,btc_z60,btc_z4h,btc_z24h,btc_vol_z,btc_range_z,btc_corr7d_lag,hour_sin,hour_cos,event_i,event_time,split,event_open,event_high,event_low,event_close,common_exit,parent_family,raw_24h,cont_24h,rev_24h,p_cont,p_rev,router_conf,router_side
-1.0,-2.0133746615158055,-1.2758794214502795,-2.558519574563704,-1.0943920047040123,0.6128709227050197,1.0923916578383341,-0.025726465522939654,0.06540312923014312,-0.9978589232386035,1967,2021-01-21 11:45:00+00:00,DEV_2021_2024,34624.27,34681.73,32009.68,32208.62,31710.88,H4_DISPLACEMENT_EXTREME,-0.015400741890943204,0.015400741890943204,-0.015400741890943204,0.18317019943766566,0.3749978603434269,0.3749978603434269,REV
-1.0,4.090279469822919,-2.198393273268983,-3.119941671553821,-3.4132938412585427,1.8284255677166203,4.54883658089851,0.026338989400636705,0.06540312923014312,-0.9978589232386035,5130,2021-02-23 11:45:00+00:00,DEV_2021_2024,49642.92,50027.01,44892.56,46369.29,50360.02,H4_DISPLACEMENT_EXTREME,0.08630185978428417,-0.08630185978428417,0.08630185978428417,0.21161118200108134,0.46904796196023274,0.46904796196023274,REV
-1.0,-0.5392365287949953,-2.504858303604078,-2.9718748978898186,-3.3043250100160098,0.6708580895106319,1.3281361513700785,0.030869479526423466,-0.8968727415326885,0.442288690219001,5162,2021-02-23 19:45:00+00:00,DEV_2021_2024,48602.02,49247.69,45500.0,45523.0,48959.93,H4_DISPLACEMENT_EXTREME,0.0754982863614937,-0.0754982863614937,0.0754982863614937,0.20156990328665156,0.41411182865513135,0.41411182865513135,REV
1.0,2.1017795116966784,0.4647524504748542,3.0215126355602715,-2.1026944241720287,-0.23473456098141532,0.983486683702204,0.04194805700525118,-0.0654031292301428,0.9978589232386035,5178,2021-02-23 23:45:00+00:00,DEV_2021_2024,45523.02,48938.85,45251.0,48891.0,49676.2,H4_DISPLACEMENT_EXTREME,0.016060215581599868,0.016060215581599868,-0.016060215581599868,0.1787326819893474,0.3587655082444912,0.3587655082444912,REV
-1.0,7.283942542869461,-10.216165664429498,-6.8864957326036995,-4.7341461851982745,4.433140896383868,12.671269511888875,0.15148822795955957,0.8314696123025451,0.5555702330196024,10276,2021-04-18 03:45:00+00:00,DEV_2021_2024,60006.67,60499.0,50931.3,55014.46,57030.9,H4_DISPLACEMENT_EXTREME,0.03692526601358792,-0.03692526601358792,0.03692526601358792,0.2094491343106184,0.5436204568343508,0.5436204568343508,REV
-1.0,-0.9626519006876648,-3.5829167088381744,-3.837364751941872,-4.531484568830361,2.3480961739476336,2.6059057884154426,-0.009385451261742958,0.06540312923014312,-0.9978589232386035,10308,2021-04-18 11:45:00+00:00,DEV_2021_2024,56184.51,56498.0,53064.66,53308.92,57107.4,H4_DISPLACEMENT_EXTREME,0.07144706536593715,-0.07144706536593715,0.07144706536593715,0.26290708261467627,0.402590227697132,0.402590227697132,REV
-1.0,-1.7056389153260807,-3.1001719922954836,-3.274155488269935,-3.722697115045594,2.9161921423807464,2.079391437715342,0.03599203133774062,0.8968727415326884,-0.44228869021900113,10762,2021-04-23 07:45:00+00:00,DEV_2021_2024,50298.76,50572.08,47700.0,47942.44,49805.2,H4_DISPLACEMENT_EXTREME,0.0389936582109478,-0.0389936582109478,0.0389936582109478,0.3527043956649489,0.3569707909508048,0.3569707909508048,REV
-1.0,-7.227103757236284,-7.779488058112364,-5.715245459280371,-3.3675405204857425,3.7566495858359965,11.603810823574314,-0.044664446927424876,-0.0654031292301428,0.9978589232386035,12632,2021-05-12 23:45:00+00:00,DEV_2021_2024,54437.0,54751.92,48600.0,49631.32,49670.97,H4_DISPLACEMENT_EXTREME,0.0027014069238944227,-0.0027014069238944227,0.0027014069238944227,0.2199855399820461,0.3176310297529827,0.3176310297529827,REV
-1.0,-3.6960155661278344,-3.7300242455765287,-4.243716983847813,-2.5450456233237424,2.1212305490353227,3.814784536230352,-0.010566218287817555,0.8314696123025451,0.5555702330196024,13032,2021-05-17 03:45:00+00:00,DEV_2021_2024,46426.83,46686.0,42777.0,42915.46,44779.83,H4_DISPLACEMENT_EXTREME,0.04344285252913527,-0.04344285252913527,0.04344285252913527,0.25880534627389734,0.3739977758156284,0.3739977758156284,REV
-1.0,-1.2071091466392694,-2.5078488152669345,-2.759848113248109,-1.9087103956997276,1.1848189491556584,1.2193179976290884,0.007433656644750799,-0.8314696123025452,-0.5555702330196022,13080,2021-05-17 15:45:00+00:00,DEV_2021_2024,45733.55,45791.04,43156.0,43362.75,42969.47,H4_DISPLACEMENT_EXTREME,-0.008938118412251783,0.008938118412251783,-0.008938118412251783,0.19517433825816052,0.3457132282150007,0.3457132282150007,REV
-1.0,-0.3853762521025655,-0.5762540027564981,-2.824697218856657,0.014820994377859156,1.0734591476861066,0.6953025228568095,0.0009602643259422999,-0.8314696123025452,-0.5555702330196022,13176,2021-05-18 15:45:00+00:00,DEV_2021_2024,45318.76,45341.84,42507.0,42969.47,37318.52,H4_DISPLACEMENT_EXTREME,-0.13151061242100792,0.13151061242100792,-0.13151061242100792,0.19671714091901416,0.3172675497361517,0.3172675497361517,REV
-1.0,-0.0038487439845763987,0.7307723886652471,-2.8386917475435247,-2.075888217733175,1.3613997184299076,0.3378928728964798,-0.002029282818526875,0.8314696123025451,0.5555702330196024,13224,2021-05-19 03:45:00+00:00,DEV_2021_2024,42849.78,43584.9,40125.0,40591.15,38341.04,H4_DISPLACEMENT_EXTREME,-0.0554530585960431,0.0554530585960431,-0.0554530585960431,0.3095681145685992,0.3972198469991061,0.3972198469991061,REV
-1.0,-3.4781873997678114,-5.337378541001877,-3.1132416718892877,-3.000604322040157,1.741367956555133,2.955212250240882,0.015312782209203301,-0.0654031292301428,0.9978589232386035,13304,2021-05-19 23:45:00+00:00,DEV_2021_2024,39337.45,40200.0,36600.01,36690.09,40526.64,H4_DISPLACEMENT_EXTREME,0.10513446099299095,-0.10513446099299095,0.10513446099299095,0.2149289321140157,0.34869123452580286,0.34869123452580286,REV
-1.0,-2.1952617631546785,-2.138082958475704,-4.655022058280735,-2.117527474008582,2.4906080171401443,2.6610247121193096,-0.026642302743071673,-0.8314696123025452,-0.5555702330196022,13464,2021-05-21 15:45:00+00:00,DEV_2021_2024,41124.3,41789.4,36444.44,36794.57,38162.4,H4_DISPLACEMENT_EXTREME,0.03692931716955661,-0.03692931716955661,0.03692931716955661,0.2581968867319383,0.3144390116478376,0.3144390116478376,REV
-1.0,0.5282164693995773,-1.2437381783275478,-2.33330700359629,-2.348195797025471,1.0429796354637693,0.48913096696828934,-0.040386047678241936,-0.8314696123025452,-0.5555702330196022,13656,2021-05-23 15:45:00+00:00,DEV_2021_2024,35386.8,35800.0,32600.0,33318.09,37539.63,H4_DISPLACEMENT_EXTREME,0.12676061833774455,-0.12676061833774455,0.12676061833774455,0.19041821921794871,0.3646954034310524,0.3646954034310524,REV
-1.0,-2.4603707360872202,-1.0832741514827096,-2.4404971567660203,-0.34069649283610554,0.8897434034859285,1.2269762171499006,-0.03708141867295751,0.06540312923014312,-0.9978589232386035,13832,2021-05-25 11:45:00+00:00,DEV_2021_2024,38993.91,39110.0,36486.0,36537.16,39850.65,H4_DISPLACEMENT_EXTREME,0.09068792136884185,-0.09068792136884185,0.09068792136884185,0.18706803311735207,0.3361933914612702,0.3361933914612702,REV
-1.0,-1.411239502769522,-1.374535645271023,-3.7567230795472497,1.211141989537861,0.7717220503887169,0.7028949816212341,0.09958545229453773,-0.0654031292301428,0.9978589232386035,19832,2021-07-26 23:45:00+00:00,DEV_2021_2024,39361.36,39510.96,36764.93,37237.6,39457.87,H4_DISPLACEMENT_EXTREME,0.05951828251031843,-0.05951828251031843,0.05951828251031843,0.22685617598874877,0.3368758847023155,0.3368758847023155,REV
-1.0,-1.9376327965575153,-1.1527493975409446,-2.3956763238671144,-0.48169946712164385,1.292688292576944,1.711473894434877,0.13623920784213278,0.8314696123025451,0.5555702330196024,24438,2021-09-13 03:45:00+00:00,DEV_2021_2024,46025.23,46285.71,44555.0,44617.79,45186.85,H4_DISPLACEMENT_EXTREME,0.012824702541853972,-0.012824702541853972,0.012824702541853972,0.31165188037203445,0.35679908759908563,0.35679908759908563,REV
-1.0,-0.24258171277839793,-1.3092544205496168,-3.0022299869846356,-1.6490109651692861,0.34389925666649157,-0.05768484952327152,0.010290579097926054,0.8314696123025451,0.5555702330196024,25110,2021-09-20 03:45:00+00:00,DEV_2021_2024,47241.75,47347.25,45100.0,45542.76,42683.01,H4_DISPLACEMENT_EXTREME,-0.06279243128708734,0.06279243128708734,-0.06279243128708734,0.2117170408019342,0.4416798966551625,0.4416798966551625,REV
-1.0,2.854914455267751,0.830791817647669,-2.308430126756323,-1.4970237209297406,1.4640669438010485,1.3295627961292693,0.03760978083838802,-0.0654031292301428,0.9978589232386035,25286,2021-09-21 23:45:00+00:00,DEV_2021_2024,42010.81,42331.87,39600.0,40734.38,43543.61,H4_DISPLACEMENT_EXTREME,0.06897220485347777,-0.06897220485347777,0.06897220485347777,0.28330130355845357,0.37840712804053533,0.37840712804053533,REV
-1.0,0.17876931755241957,-1.9458043048511038,-5.5867619680701495,-1.3783560195131606,2.0422169998676303,0.9542189567226423,0.03295856722034789,0.06540312923014312,-0.9978589232386035,25526,2021-09-24 11:45:00+00:00,DEV_2021_2024,44818.46,45075.0,40675.0,41527.5,42485.03,H4_DISPLACEMENT_EXTREME,0.02305773282764423,-0.02305773282764423,0.02305773282764423,0.26184656068841206,0.38579965280279965,0.38579965280279965,REV
-1.0,1.2856998998554945,-1.8749467917815679,-3.5714139146058272,-2.907747599654155,1.9937677237004716,2.5673821831127057,-0.044366558379382894,0.8314696123025451,0.5555702330196024,30574,2021-11-16 03:45:00+00:00,DEV_2021_2024,63606.73,63617.31,60422.2,60907.41,59039.99,H4_DISPLACEMENT_EXTREME,-0.03065982130250189,0.03065982130250189,-0.03065982130250189,0.2497648055199396,0.41859369932280244,0.41859369932280244,REV
-1.0,-1.2014717932247976,-1.2473114988647112,-3.2078569311816376,-1.9376265308981546,1.0384072072822257,1.8014499114519247,-0.026642565403501097,-0.8968727415326885,0.442288690219001,31214,2021-11-22 19:45:00+00:00,DEV_2021_2024,58194.78,58250.0,55800.0,55993.03,57778.2,H4_DISPLACEMENT_EXTREME,0.03188181959757852,-0.03188181959757852,0.03188181959757852,0.20314055058815267,0.35931878432813924,0.35931878432813924,REV
-1.0,-2.2568628364385366,-1.9328853526098202,-4.709427336725227,-2.6211488624144286,2.18576350676852,1.585535906739405,-0.04126959595864215,0.06540312923014312,-0.9978589232386035,31566,2021-11-26 11:45:00+00:00,DEV_2021_2024,56966.32,56966.32,53680.45,53719.3,54605.73,H4_DISPLACEMENT_EXTREME,0.01650095654616579,-0.01650095654616579,0.01650095654616579,0.26598152620914084,0.3622790503243448,0.3622790503243448,REV
-1.0,-1.5502867914201233,-2.9492111236879954,-2.9599336263769263,-1.5199490298879195,0.940664558366239,0.7729650067138768,-0.014634340982948843,-0.8968727415326885,0.442288690219001,32270,2021-12-03 19:45:00+00:00,DEV_2021_2024,55975.33,55975.33,53750.0,53838.65,49250.0,H4_DISPLACEMENT_EXTREME,-0.08522983298618503,0.08522983298618503,-0.08522983298618503,0.1755048393950705,0.33724602477459187,0.33724602477459187,REV
-1.0,0.6683437824307478,-0.6140470085449268,-6.352862799755529,-5.3287979518247255,1.6657583943462486,1.4487413887198564,0.07676305090128106,0.8968727415326884,-0.44228869021900113,32318,2021-12-04 07:45:00+00:00,DEV_2021_2024,52000.01,52606.98,42000.3,47242.74,49289.18,H4_DISPLACEMENT_EXTREME,0.043317334405808205,-0.043317334405808205,0.043317334405808205,0.381156278556261,0.5612239879417915,0.5612239879417915,REV
-1.0,-1.607124716468725,-1.9905893239995565,-4.68459032959467,-0.8004265248708936,1.510859225057933,1.3582352585450723,0.03050262339454107,-0.0654031292301428,0.9978589232386035,36894,2022-01-20 23:45:00+00:00,DEV_2021_2024,42917.31,42996.64,40553.31,40680.91,36445.31,H4_DISPLACEMENT_EXTREME,-0.10411785180866118,0.10411785180866118,-0.10411785180866118,0.24868078102711905,0.3547258141556864,0.3547258141556864,REV
-1.0,-1.6321654872332017,-5.808757229381477,-4.711695956457533,-3.385572473670438,2.554005153944484,3.026577411614596,0.07912537063593995,0.8314696123025451,0.5555702330196024,36910,2022-01-21 03:45:00+00:00,DEV_2021_2024,40680.92,41100.0,38220.0,38465.65,36341.64,H4_DISPLACEMENT_EXTREME,-0.05521835715761991,0.05521835715761991,-0.05521835715761991,0.2840540653245081,0.3982982498740376,0.3982982498740376,REV
-1.0,0.14895658092464203,1.5129777849070711,-3.2376748433514355,-3.6074076174013188,0.7824511325668038,0.5181012729535674,0.07521001224980697,-0.0654031292301428,0.9978589232386035,36990,2022-01-21 23:45:00+00:00,DEV_2021_2024,37984.11,38470.0,35440.45,36445.31,35071.42,H4_DISPLACEMENT_EXTREME,-0.03769730590849685,0.03769730590849685,-0.03769730590849685,0.34930946187287487,0.4569124107329741,0.4569124107329741,REV
-1.0,0.20928526920639348,-2.6379499796984756,-3.178177160184023,-0.6119288854109562,1.9810727798533578,0.6677879623610928,-0.023006247151433384,0.06540312923014312,-0.9978589232386035,39918,2022-02-21 11:45:00+00:00,DEV_2021_2024,39294.06,39362.15,37348.49,37577.33,37519.48,H4_DISPLACEMENT_EXTREME,-0.0015068088492418141,0.0015068088492418141,-0.0015068088492418141,0.20424357732256504,0.31795097514184206,0.31795097514184206,REV
-1.0,0.39096320775237975,-3.908665506286845,-4.754724521139006,-2.342045951434929,2.6678260944578684,2.8757192941733525,-0.018988637992336563,0.8314696123025451,0.5555702330196024,40174,2022-02-24 03:45:00+00:00,DEV_2021_2024,37250.02,37427.81,34720.53,34936.89,38923.36,H4_DISPLACEMENT_EXTREME,0.11410457138441021,-0.11410457138441021,0.11410457138441021,0.2527910469659667,0.38175516457327335,0.38175516457327335,REV
-1.0,-1.148365631927891,-2.2996415395604086,-3.0170594863394964,-1.791635688496081,1.1589847843877246,0.7159129746666545,0.042020218066682935,0.06540312923014312,-0.9978589232386035,44622,2022-04-11 11:45:00+00:00,DEV_2021_2024,42305.74,42350.0,40968.11,41067.63,40378.0,H4_DISPLACEMENT_EXTREME,-0.016792783807396794,0.016792783807396794,-0.016792783807396794,0.22393497019026198,0.37982137654487746,0.37982137654487746,REV
-1.0,-0.6539997738149315,-2.190280194237373,-2.8552869493328807,-2.5276721692880066,1.8582138246048143,1.110352317533122,-0.001993118481645843,-0.8314696123025452,-0.5555702330196022,45694,2022-04-22 15:45:00+00:00,DEV_2021_2024,40585.54,40640.0,39320.02,39433.6,39792.65,H4_DISPLACEMENT_EXTREME,0.009105179339446545,-0.009105179339446545,0.009105179339446545,0.23582404723489356,0.3290827140064948,0.3290827140064948,REV
-1.0,-1.2925908069345384,-6.6615653531514125,-6.447528315717011,-1.917787305695328,3.125942136626152,3.3300305757962256,0.06550861009489022,-0.8314696123025452,-0.5555702330196022,46942,2022-05-05 15:45:00+00:00,DEV_2021_2024,39492.84,39545.66,36514.29,36909.67,36004.34,H4_DISPLACEMENT_EXTREME,-0.024528260480248143,0.024528260480248143,-0.024528260480248143,0.22686853748511704,0.3239010052368006,0.3239010052368006,REV
-1.0,3.8049961544913686,1.0029575118277283,-3.619677538840009,-3.4812402048408515,2.7525659269634883,6.337754520088016,0.010266832097948519,-0.8968727415326885,0.442288690219001,47342,2022-05-09 19:45:00+00:00,DEV_2021_2024,32341.53,32588.2,30334.07,30944.82,31330.03,H4_DISPLACEMENT_EXTREME,0.012585720648131904,-0.012585720648131904,0.012585720648131904,0.31741647445202575,0.40266068142788447,0.40266068142788447,REV
-1.0,0.6387557732810885,-2.478407178897128,-3.9905004367988357,-1.7265884616923892,1.0374616147823876,2.3428149509050495,0.12435996540759814,-0.8968727415326885,0.442288690219001,47534,2022-05-11 19:45:00+00:00,DEV_2021_2024,30977.61,31131.58,29190.0,29372.22,28641.15,H4_DISPLACEMENT_EXTREME,-0.02488951291033248,0.02488951291033248,-0.02488951291033248,0.22613235417499114,0.4059332715548643,0.4059332715548643,REV
-1.0,-0.242488588278871,-1.26584202049536,-2.553545378942831,-0.8463776442728442,0.5800225181508313,0.03868572102074209,0.04647407682719868,-0.8314696123025452,-0.5555702330196022,48382,2022-05-20 15:45:00+00:00,DEV_2021_2024,30414.06,30449.98,29071.39,29152.9,29552.47,H4_DISPLACEMENT_EXTREME,0.01370601209485156,-0.01370601209485156,0.01370601209485156,0.1932186222827089,0.3571897517779971,0.3571897517779971,REV
-1.0,-0.3890058919960922,0.6442368291641185,-3.6159981078536085,-1.368999069282244,0.5251977476059255,-0.49890939542638735,0.09639703585875217,0.8314696123025451,0.5555702330196024,50062,2022-06-07 03:45:00+00:00,DEV_2021_2024,31373.1,31381.03,29218.96,29563.62,30026.72,H4_DISPLACEMENT_EXTREME,0.015664866367808283,-0.015664866367808283,0.015664866367808283,0.3096859725576268,0.4435591165036048,0.4435591165036048,REV
-1.0,0.4813418618871948,-1.5937482579173827,-3.0374875805382526,-4.373585697774336,1.7660006594244504,1.7827695890204514,0.11954718784106068,0.06540312923014312,-0.9978589232386035,50670,2022-06-13 11:45:00+00:00,DEV_2021_2024,24811.59,24941.17,23500.0,23729.43,21994.56,H4_DISPLACEMENT_EXTREME,-0.07311047926562075,0.07311047926562075,-0.07311047926562075,0.33511362674756784,0.4418675406201218,0.4418675406201218,REV
-1.0,1.0043100115365966,-1.0048753553080418,-3.349138137785837,-1.8253551743034795,1.1866187048911105,1.569648668969612,-0.01687645165790577,0.8968727415326884,-0.44228869021900113,51134,2022-06-18 07:45:00+00:00,DEV_2021_2024,20459.65,20537.34,19066.8,19258.58,18306.93,H4_DISPLACEMENT_EXTREME,-0.04941433895957026,0.04941433895957026,-0.04941433895957026,0.2230950489284561,0.4361147262728243,0.4361147262728243,REV
-1.0,-0.5184087493053993,-0.8519839004083429,-2.5245137166984777,-2.5510060259786633,1.0867663036561466,0.27912596831270925,-0.026626692696824245,-0.8968727415326885,0.442288690219001,51182,2022-06-18 19:45:00+00:00,DEV_2021_2024,18953.76,19101.28,18031.13,18067.6,20124.08,H4_DISPLACEMENT_EXTREME,0.11382080972524866,-0.11382080972524866,0.11382080972524866,0.22534647409254083,0.35290538092600954,0.35290538092600954,REV
-1.0,-0.377976799196054,0.0024503345699754134,-3.166100598741175,-2.2495602214684527,1.361797010349149,0.17429843817962926,0.03993531086250091,0.8968727415326884,-0.44228869021900113,57086,2022-08-19 07:45:00+00:00,DEV_2021_2024,22768.97,22837.34,21447.76,21905.88,21307.25,H4_DISPLACEMENT_EXTREME,-0.02739352099316339,0.02739352099316339,-0.02739352099316339,0.3128804684062758,0.4130612853182982,0.4130612853182982,REV
-1.0,0.6818215386125257,-0.6528914335680268,-2.9668254730248056,-0.7450403994192437,1.3709599336981906,1.0367108561781324,0.07869879206663065,-0.8314696123025452,-0.5555702330196022,58174,2022-08-30 15:45:00+00:00,DEV_2021_2024,20403.8,20450.0,19650.0,19756.24,20140.63,H4_DISPLACEMENT_EXTREME,0.019456637497823337,-0.019456637497823337,0.019456637497823337,0.2451478187910127,0.3405547497833003,0.3405547497833003,REV
-1.0,-0.6046795818841235,-1.250536230145259,-4.72389943339894,-1.5652398039296096,1.1841690320291145,0.006797713859736892,0.04779470014690404,-0.8968727415326885,0.442288690219001,58862,2022-09-06 19:45:00+00:00,DEV_2021_2024,19818.37,19855.0,18733.97,18824.41,18992.38,H4_DISPLACEMENT_EXTREME,0.0089728360536947,-0.0089728360536947,0.0089728360536947,0.2494709100736639,0.3705183926093504,0.3705183926093504,REV
-1.0,-1.2278454662598066,-1.4335925948494572,-6.613541621001123,-1.870609101549772,1.9880998538196355,1.1809294551830138,0.10387732317770897,-0.8314696123025452,-0.5555702330196022,59518,2022-09-13 15:45:00+00:00,DEV_2021_2024,22522.74,22799.0,20751.0,20829.77,20178.79,H4_DISPLACEMENT_EXTREME,-0.03125238540800013,0.03125238540800013,-0.03125238540800013,0.317882485317662,0.3846807576623582,0.3846807576623582,REV
-1.0,1.1082345111255156,0.13559566824910882,-2.843086747135202,-1.940997068607371,0.7539371602493289,0.5271620396814135,-0.007417573179234143,0.8314696123025451,0.5555702330196024,60046,2022-09-19 03:45:00+00:00,DEV_2021_2024,19417.45,19518.17,18670.0,18776.93,19364.19,H4_DISPLACEMENT_EXTREME,0.031332735758464736,-0.031332735758464736,0.031332735758464736,0.24440900476421076,0.44167821880726066,0.44167821880726066,REV
-1.0,1.678826500442481,-3.5334119462853746,-7.659651196285567,-6.453646748584532,3.0269902342948525,8.330897386640638,0.05634430791983241,-0.8968727415326885,0.442288690219001,64910,2022-11-08 19:45:00+00:00,DEV_2021_2024,19522.0,20700.88,17166.83,18256.64,16784.64,H4_DISPLACEMENT_EXTREME,-0.08055769192845463,0.08055769192845463,-0.08055769192845463,0.3095076747525567,0.5326218590848747,0.5326218590848747,REV
-1.0,2.7858195913742136,1.3339380895880644,-2.1979694061995985,-3.8451394002600305,0.7371960866652226,2.1385419188445614,0.01675014698301395,0.06540312923014312,-0.9978589232386035,64974,2022-11-09 11:45:00+00:00,DEV_2021_2024,18239.34,18256.85,17250.33,17818.08,16397.57,H4_DISPLACEMENT_EXTREME,-0.0796707876210847,0.0796707876210847,-0.0796707876210847,0.2557026260536819,0.496519283146146,0.496519283146146,REV
-1.0,-1.3869068253657304,-5.4506490759253285,-3.763100789071246,-4.822673289904974,2.746547902665437,4.290671871260827,-0.0020655763247276154,-0.8314696123025452,-0.5555702330196022,64990,2022-11-09 15:45:00+00:00,DEV_2021_2024,17817.07,18015.0,16918.83,17116.08,17554.06,H4_DISPLACEMENT_EXTREME,0.025377330441523016,-0.025377330441523016,0.025377330441523016,0.2318454846587256,0.36129806786509155,0.36129806786509155,REV
-1.0,2.7261963217186524,0.5445655013676133,-4.420731230064982,-4.913928838885028,0.9894546977695048,1.7949907685192685,0.00996754599391607,-0.0654031292301428,0.9978589232386035,65022,2022-11-09 23:45:00+00:00,DEV_2021_2024,16784.64,16900.0,15588.0,15922.81,17601.15,H4_DISPLACEMENT_EXTREME,0.1054137871262879,-0.1054137871262879,0.1054137871262879,0.29232556784578795,0.5322123754876176,0.5322123754876176,REV
-1.0,0.37370152127242096,-1.1672256622180697,-2.283958485076917,1.310453402582242,0.2828300745703576,0.30142398811270726,0.015368818812534723,0.8314696123025451,0.5555702330196024,65134,2022-11-11 03:45:00+00:00,DEV_2021_2024,17602.45,17695.0,16888.76,17064.12,16907.44,H4_DISPLACEMENT_EXTREME,-0.009181838852516333,0.009181838852516333,-0.009181838852516333,0.16946324880631478,0.37069996858307336,0.37069996858307336,REV
-1.0,-0.03245072168881033,0.5180098660941036,-3.9721230629788797,-2.3515947485819044,-0.8045848000087563,-0.6616785022468591,0.15281502634483224,0.06540312923014312,-0.9978589232386035,68526,2022-12-16 11:45:00+00:00,DEV_2021_2024,17503.36,17519.64,16918.97,17027.09,16708.22,H4_DISPLACEMENT_EXTREME,-0.018727216453310547,0.018727216453310547,-0.018727216453310547,0.24322829658729264,0.5464130654560009,0.5464130654560009,REV
-1.0,0.972348716102973,0.14663300541438037,-2.63859929300581,-0.2161328476636578,1.1245878667910403,0.5571622006677548,-0.021092431779260668,-0.0654031292301428,0.9978589232386035,72030,2023-01-21 23:45:00+00:00,DEV_2021_2024,23270.97,23299.55,22680.73,22783.55,22707.88,H4_DISPLACEMENT_EXTREME,-0.0033125067209166525,0.0033125067209166525,-0.0033125067209166525,0.2229492636093792,0.34237195091904127,0.34237195091904127,REV
-1.0,-1.8278674107105486,-1.6025046099769449,-2.759455795217656,-1.1087305410496466,1.5579614764452427,1.4502128270431627,-0.029273409642688788,0.06540312923014312,-0.9978589232386035,72846,2023-01-30 11:45:00+00:00,DEV_2021_2024,23642.81,23676.98,23017.0,23077.47,22865.43,H4_DISPLACEMENT_EXTREME,-0.009188182240081,0.009188182240081,-0.009188182240081,0.21660186508108561,0.33090049363992174,0.33090049363992174,REV
-1.0,-4.728712349352115,-4.202725303766192,-5.8233749474289285,-1.3862640333893532,2.3900591907302435,3.1303488349944586,0.09452691380516988,-0.0654031292301428,0.9978589232386035,74526,2023-02-16 23:45:00+00:00,DEV_2021_2024,24872.58,24879.81,23505.25,23517.72,24569.97,H4_DISPLACEMENT_EXTREME,0.04474285772600406,-0.04474285772600406,0.04474285772600406,0.30560351713235656,0.326584056980706,0.326584056980706,REV
-1.0,-0.058796841264963755,-4.163880795408845,-2.6366643966688836,-0.679099205020014,1.7530250057554824,1.068001255618468,-0.012254786820162584,0.06540312923014312,-0.9978589232386035,75150,2023-02-23 11:45:00+00:00,DEV_2021_2024,24377.12,24494.28,23647.46,23780.2,23883.72,H4_DISPLACEMENT_EXTREME,0.004352779054516365,-0.004352779054516365,0.004352779054516365,0.17027904953226367,0.3205506746264538,0.3205506746264538,REV
-1.0,-0.6434096293178933,-0.2475482573724861,-5.02716289901909,-2.00688571534175,0.3154974475054319,0.18204922418011746,0.14185645776269692,0.8314696123025451,0.5555702330196024,75886,2023-03-03 03:45:00+00:00,DEV_2021_2024,23465.32,23476.95,21971.13,22319.69,22346.66,H4_DISPLACEMENT_EXTREME,0.0012083501159738663,-0.0012083501159738663,0.0012083501159738663,0.3103520487856225,0.5072640279612775,0.5072640279612775,REV
-1.0,-5.465708453559343,-7.62121052813324,-5.105877772490748,-1.5486977953121623,1.6975106535090954,4.330417718059786,-0.03363751952132731,-0.8968727415326885,0.442288690219001,77774,2023-03-22 19:45:00+00:00,DEV_2021_2024,28595.06,28868.05,26650.27,26667.33,28369.99,H4_DISPLACEMENT_EXTREME,0.06378952183825293,-0.06378952183825293,0.06378952183825293,0.1334901556888292,0.31696815703368725,0.31696815703368725,REV
-1.0,0.3721268059649024,0.3654498655883886,-2.846512819562799,-1.9018862940466175,0.15788220312796122,-0.5405387378870415,0.08077313322558127,0.06540312923014312,-0.9978589232386035,80425,2023-04-19 11:45:00+00:00,DEV_2021_2024,30077.76,30077.76,29000.0,29310.65,28607.13,H4_DISPLACEMENT_EXTREME,-0.02400186416946193,0.02400186416946193,-0.02400186416946193,0.24425732050502033,0.45188838227923395,0.45188838227923395,REV
-1.0,-1.1120288699939223,-3.8063988089135226,-3.007824936269048,-1.3612111502041482,0.8765736108932374,0.5348662557559103,0.029551666649285248,-0.8968727415326885,0.442288690219001,80649,2023-04-21 19:45:00+00:00,DEV_2021_2024,28040.7,28090.54,27184.54,27279.91,27622.61,H4_DISPLACEMENT_EXTREME,0.012562729335518164,-0.012562729335518164,0.012562729335518164,0.17154304419608582,0.3432187343306971,0.3432187343306971,REV
-1.0,-1.2626621819463175,1.226661720077583,-3.3153843708700155,-1.5807976782557052,0.9823928541115998,0.32258569498653994,0.0400343549813635,0.8968727415326884,-0.44228869021900113,85401,2023-06-10 07:45:00+00:00,DEV_2021_2024,26323.07,26349.17,25456.41,25651.09,25741.33,H4_DISPLACEMENT_EXTREME,0.00351837037660796,-0.00351837037660796,0.00351837037660796,0.3158785115495308,0.4162573855179203,0.4162573855179203,REV
-1.0,0.45821997311978313,1.0406047035583188,-3.69391774349987,-1.5865866491330658,0.13641978288868736,-0.364950505534244,-0.0040282934020196386,-0.0654031292301428,0.9978589232386035,85849,2023-06-14 23:45:00+00:00,DEV_2021_2024,25874.58,25879.69,24820.56,25128.6,25598.49,H4_DISPLACEMENT_EXTREME,0.018699410233757652,-0.018699410233757652,0.018699410233757652,0.23025443017248934,0.4422523207254496,0.4422523207254496,REV
-1.0,0.216438148716105,0.13311552299369522,-4.471060505671149,-2.592955671307081,0.8312829132079972,-0.0929309435338446,0.022404909287504233,-0.8968727415326885,0.442288690219001,88713,2023-07-14 19:45:00+00:00,DEV_2021_2024,31240.49,31275.5,29900.0,30115.17,30326.47,H4_DISPLACEMENT_EXTREME,0.007016062995472749,-0.007016062995472749,0.007016062995472749,0.25776713976761656,0.41783396298658665,0.41783396298658665,REV
-1.0,0.10913474459373511,-0.5389506226038072,-3.0019810367265247,-1.6676651750963287,-0.16912352878132267,-0.5364753865012548,-0.048434138176392666,0.06540312923014312,-0.9978589232386035,89641,2023-07-24 11:45:00+00:00,DEV_2021_2024,29828.0,29832.54,29000.0,29269.99,29128.29,H4_DISPLACEMENT_EXTREME,-0.004841135921126116,0.004841135921126116,-0.004841135921126116,0.15835855698468085,0.45124403460070855,0.45124403460070855,REV
-1.0,-0.6563595331137507,-2.7500655346239764,-2.9511495762266398,-1.6278185732993007,0.9528123082855937,0.3027893601170784,-0.08097936102604686,-0.0654031292301428,0.9978589232386035,91897,2023-08-16 23:45:00+00:00,DEV_2021_2024,29111.69,29139.99,28723.08,28730.51,26623.41,H4_DISPLACEMENT_EXTREME,-0.07334015302895769,0.07334015302895769,-0.07334015302895769,0.16822741139562544,0.3606849988668466,0.3606849988668466,REV
-1.0,-0.7068073997319365,-1.8456726732644084,-8.007613524198119,-6.456307556224647,2.364118331530309,1.061886563018579,-0.367589251953447,-0.0654031292301428,0.9978589232386035,91993,2023-08-17 23:45:00+00:00,DEV_2021_2024,27894.0,27920.23,25166.0,26623.41,26054.0,H4_DISPLACEMENT_EXTREME,-0.0213875683092436,0.0213875683092436,-0.0213875683092436,0.19804644917695874,0.4745189894512523,0.4745189894512523,REV
-1.0,-1.1061174381276095,-0.05611323443971341,-2.890090215821991,-4.248866172456316,1.9512539446107335,1.6583999366512903,-0.3722125909544648,-0.8314696123025452,-0.5555702330196022,92057,2023-08-18 15:45:00+00:00,DEV_2021_2024,26494.0,26500.0,25931.95,26002.0,26216.01,H4_DISPLACEMENT_EXTREME,0.008230908480466148,-0.008230908480466148,0.008230908480466148,0.15268020002536115,0.3320191554425537,0.3320191554425537,REV
-1.0,-1.4283792358023784,-1.13938403896888,-3.4178216579641103,-1.7670130211420407,0.5548797373873583,0.9147532604054678,0.2851682747002726,-0.8968727415326885,0.442288690219001,93321,2023-08-31 19:45:00+00:00,DEV_2021_2024,26922.01,26924.87,25928.0,26162.79,25645.66,H4_DISPLACEMENT_EXTREME,-0.019765858304867323,0.019765858304867323,-0.019765858304867323,0.34101778229234336,0.4078674705886815,0.4078674705886815,REV
-1.0,-1.4532315575476846,0.28932816275387635,-2.6985524197422963,-2.243260493817781,0.9047313356018212,0.5646799938432722,0.03288710521016692,-0.8968727415326885,0.442288690219001,100521,2023-11-14 19:45:00+00:00,DEV_2021_2024,36147.09,36417.23,34800.0,35293.99,37499.99,H4_DISPLACEMENT_EXTREME,0.06250325834419446,-0.06250325834419446,0.06250325834419446,0.2701597803429094,0.35971800440474677,0.35971800440474677,REV
-1.0,-3.586399901819848,-3.6326992489533554,-3.6228944492361244,-2.150127409635907,1.9541958755771145,2.249559307906576,0.0062885642767969005,-0.0654031292301428,0.9978589232386035,101209,2023-11-21 23:45:00+00:00,DEV_2021_2024,36979.99,37170.0,35735.0,35741.65,37408.34,H4_DISPLACEMENT_EXTREME,0.046631590875071405,-0.046631590875071405,0.046631590875071405,0.2522998616746632,0.3233482749101123,0.3233482749101123,REV
-1.0,-1.0262942657475032,2.0210135658068777,-4.322838381532745,-2.0416296715025335,1.407991116746407,0.41393228030678614,-0.13033262666991163,0.8314696123025451,0.5555702330196024,103049,2023-12-11 03:45:00+00:00,DEV_2021_2024,43789.5,43804.5,40400.0,42309.58,41735.29,H4_DISPLACEMENT_EXTREME,-0.013573288501868452,0.013573288501868452,-0.013573288501868452,0.28658663223349296,0.4027717005588443,0.4027717005588443,REV
-1.0,2.9111508191514233,-1.6107958816803045,-2.9747951837444715,-3.525160471855292,1.604537168581433,1.852935927669647,-0.0949020021875914,-0.8968727415326885,0.442288690219001,103113,2023-12-11 19:45:00+00:00,DEV_2021_2024,41803.43,41857.08,40222.0,40779.99,41137.99,H4_DISPLACEMENT_EXTREME,0.008778815296423659,-0.008778815296423659,0.008778815296423659,0.18658616476113082,0.39529384171005594,0.39529384171005594,REV
-1.0,-0.685440282455522,0.12757429530163403,-3.131149933176656,-1.44073131167055,0.9839298682043118,0.3440903296658189,-0.07474918235466306,-0.8314696123025452,-0.5555702330196022,109241,2024-02-13 15:45:00+00:00,DEV_2021_2024,49988.12,49996.0,48400.0,48727.47,51590.0,H4_DISPLACEMENT_EXTREME,0.05874571366007708,-0.05874571366007708,0.05874571366007708,0.19814490223236889,0.34825203913066716,0.34825203913066716,REV
-1.0,-5.40498938495738,-7.572154908585434,-8.120564251270645,-4.134552058106347,3.7878444130396116,16.145342414928557,-0.0027914606379336308,-0.8968727415326885,0.442288690219001,111273,2024-03-05 19:45:00+00:00,DEV_2021_2024,66773.05,66996.36,59005.0,61410.98,66739.48,H4_DISPLACEMENT_EXTREME,0.08676787115268292,-0.08676787115268292,0.08676787115268292,0.19915984608892714,0.41637928620098624,0.41637928620098624,REV
-1.0,-0.29183727935035414,-1.914255065216818,-3.928790312099545,-2.9731230709376173,2.087438602208357,2.372271551280238,0.010101573902374822,0.8314696123025451,0.5555702330196024,112169,2024-03-15 03:45:00+00:00,DEV_2021_2024,71388.94,72419.71,66699.0,68224.01,69200.08,H4_DISPLACEMENT_EXTREME,0.014306840069940208,-0.014306840069940208,0.014306840069940208,0.2988458769434388,0.40873711067387464,0.40873711067387464,REV
-1.0,-0.5399336208409822,-1.6081391447639415,-2.952725579143851,-2.8755050482677493,0.5422104210011768,0.5621857462557479,-0.013089428895481621,-0.0654031292301428,0.9978589232386035,112633,2024-03-19 23:45:00+00:00,DEV_2021_2024,64392.0,64500.12,61555.0,61937.4,67840.51,H4_DISPLACEMENT_EXTREME,0.09530750478587957,-0.09530750478587957,0.09530750478587957,0.21039188375144632,0.4257714118411395,0.4257714118411395,REV
-1.0,0.24445471185673884,-0.6146795353509521,-3.085599405587544,-1.8422119652036388,0.24367918976685204,-0.2050404539357852,0.08302081807174601,0.8314696123025451,0.5555702330196024,113897,2024-04-02 03:45:00+00:00,DEV_2021_2024,69649.81,69674.23,66000.0,66703.97,66225.79,H4_DISPLACEMENT_EXTREME,-0.007168688760204378,0.007168688760204378,-0.007168688760204378,0.2548503911825569,0.46687230976932725,0.46687230976932725,REV
-1.0,-1.111452575126978,0.8154663121333128,-2.773862497680816,-1.6595270314844328,1.4304803297097295,0.2919556267940351,-0.007655402174787855,-0.8968727415326885,0.442288690219001,114921,2024-04-12 19:45:00+00:00,DEV_2021_2024,69347.3,69580.0,65086.86,66843.98,64788.01,H4_DISPLACEMENT_EXTREME,-0.030757743629269196,0.030757743629269196,-0.030757743629269196,0.28226960000095,0.31815458336291846,0.31815458336291846,REV
-1.0,-1.1377172510931646,-5.138898400264967,-3.6587548421479363,-3.3130904182383563,2.3400772467917386,1.6167604401265203,0.06073972435264814,0.8968727415326884,-0.44228869021900113,116697,2024-05-01 07:45:00+00:00,DEV_2021_2024,60246.02,60361.09,57100.0,57499.99,57681.08,H4_DISPLACEMENT_EXTREME,0.0031492173913043597,-0.0031492173913043597,0.0031492173913043597,0.27157561036245603,0.38841814923689943,0.38841814923689943,REV
-1.0,-0.19980982039093767,-0.30140147568090353,-2.984176095021661,-0.5972710768784101,0.9519404599201362,0.3446823615845738,-0.006628057410039732,-0.8314696123025452,-0.5555702330196022,117593,2024-05-10 15:45:00+00:00,DEV_2021_2024,63299.63,63469.13,60690.0,60928.02,61174.18,H4_DISPLACEMENT_EXTREME,0.004040177245214993,-0.004040177245214993,0.004040177245214993,0.20219092937648223,0.3388632837372379,0.3388632837372379,REV
-1.0,-1.3260264739287526,0.31329904643964945,-3.1968288586150617,-1.02676092344935,0.8870621975061072,0.0772486673811985,0.011786020608837855,-0.8968727415326885,0.442288690219001,120297,2024-06-07 19:45:00+00:00,DEV_2021_2024,71111.55,71208.89,68420.0,69255.0,69460.01,H4_DISPLACEMENT_EXTREME,0.0029600746574147685,-0.0029600746574147685,0.0029600746574147685,0.2442760965973323,0.33824626843168587,0.33824626843168587,REV
-1.0,-0.562680671308398,-4.146197018224702,-2.603281049336115,-2.5352037088988824,1.685379299695819,2.1437468881537236,0.026094786576871244,-0.0654031292301428,0.9978589232386035,122905,2024-07-04 23:45:00+00:00,DEV_2021_2024,58283.62,58813.13,56866.0,57050.01,56628.79,H4_DISPLACEMENT_EXTREME,-0.007383520636802476,0.007383520636802476,-0.007383520636802476,0.21762695136274768,0.3574821349152847,0.3574821349152847,REV
-1.0,-1.0037228209433617,-2.2160936946758696,-3.872204364958981,-3.2195163098602984,1.7547021383998767,0.5403777561676653,0.044223885543384585,0.8314696123025451,0.5555702330196024,122921,2024-07-05 03:45:00+00:00,DEV_2021_2024,57050.02,57546.0,55000.0,55227.99,56410.0,H4_DISPLACEMENT_EXTREME,0.021402187296299058,-0.021402187296299058,0.021402187296299058,0.31492037289539127,0.41272453289038413,0.41272453289038413,REV
-1.0,-1.550035168954025,-2.118622935447626,-2.476167225040529,-1.6487293086435015,1.5241930869257754,1.4369219712160222,0.012307370932179405,-0.0654031292301428,0.9978589232386035,123193,2024-07-07 23:45:00+00:00,DEV_2021_2024,57151.1,57319.1,55724.37,55857.81,56714.62,H4_DISPLACEMENT_EXTREME,0.015339126256471713,-0.015339126256471713,0.015339126256471713,0.24481998386455087,0.3308119179466395,0.3308119179466395,REV
-1.0,-1.9927504346924156,-1.5529458713853201,-2.4979996261653894,-0.5621843184565765,1.0684759354771336,2.1515476614765725,-0.01400645007345568,-0.8314696123025452,-0.5555702330196022,123257,2024-07-08 15:45:00+00:00,DEV_2021_2024,57154.01,57621.1,54800.0,55761.52,57477.01,H4_DISPLACEMENT_EXTREME,0.030764763944741924,-0.030764763944741924,0.030764763944741924,0.1813362172630771,0.3167732755989592,0.3167732755989592,REV
-1.0,-0.11228079741736084,-0.0006123683662068006,-2.923294570285319,0.09233551787184235,1.768997074010818,0.2654503365363772,-0.019094054804614947,0.8968727415326884,-0.44228869021900113,123993,2024-07-16 07:45:00+00:00,DEV_2021_2024,64752.14,64993.95,62721.79,62895.01,65258.0,H4_DISPLACEMENT_EXTREME,0.03757038912943966,-0.03757038912943966,0.03757038912943966,0.26368491542588385,0.3293989991226947,0.3293989991226947,REV
-1.0,-0.22971533103901193,-3.0554676080608583,-2.5824737402292035,-2.102897942726362,1.4085901684938555,0.8158644589093483,0.04837148684591778,-0.8314696123025452,-0.5555702330196022,125561,2024-08-01 15:45:00+00:00,DEV_2021_2024,64674.26,64949.58,62666.07,62906.6,63416.01,H4_DISPLACEMENT_EXTREME,0.008084417359854434,-0.008084417359854434,0.008084417359854434,0.2103102294200523,0.34395342375316357,0.34395342375316357,REV
-1.0,-3.1262138948562,-2.571756103822713,-6.387276016461339,-4.7182875119882075,1.7652342667233885,3.1818556877814097,3.6065366647271166e-05,0.8314696123025451,0.5555702330196024,125897,2024-08-05 03:45:00+00:00,DEV_2021_2024,58161.0,58305.59,52300.17,53890.87,55665.73,H4_DISPLACEMENT_EXTREME,0.03293433563050652,-0.03293433563050652,0.03293433563050652,0.3117862070152261,0.49501351195183624,0.49501351195183624,REV
-1.0,0.5631348532939241,-1.9437346145579717,-3.0901648948891998,-0.8038577323433156,1.3315990781475664,0.8138394804062051,-0.048097497683776615,-0.8968727415326885,0.442288690219001,126921,2024-08-15 19:45:00+00:00,DEV_2021_2024,59682.85,59849.38,56680.0,57047.46,59683.39,H4_DISPLACEMENT_EXTREME,0.046226453791777145,-0.046226453791777145,0.046226453791777145,0.17530333083286728,0.3226236565388478,0.3226236565388478,REV
-1.0,-0.9283540734304039,-0.18312721497049392,-2.920739641180669,-1.4592697241454256,0.3830846753342062,0.05004829956110604,-0.06328502930041306,-0.0654031292301428,0.9978589232386035,128089,2024-08-27 23:45:00+00:00,DEV_2021_2024,62102.0,62102.01,58034.01,59415.0,59034.9,H4_DISPLACEMENT_EXTREME,-0.006397374400403888,0.006397374400403888,-0.006397374400403888,0.19649305583369073,0.38970286219793565,0.38970286219793565,REV
-1.0,-3.413291411912562,-1.7509199753883369,-3.928318535579907,-2.414335278755791,2.252955715331682,2.8381792487884003,0.019533981693245387,-0.8314696123025452,-0.5555702330196022,135641,2024-11-14 15:45:00+00:00,DEV_2021_2024,91491.85,91790.0,87829.57,87947.99,88445.41,H4_DISPLACEMENT_EXTREME,0.00565584273159625,-0.00565584273159625,0.00565584273159625,0.28916830142546074,0.3145829760762225,0.3145829760762225,REV
-1.0,-1.4205706138094758,-1.7801868787682238,-2.5818880929424455,-2.7120696283966037,1.6087861719566794,1.059487334654924,-0.015681443727559016,-0.0654031292301428,0.9978589232386035,138937,2024-12-18 23:45:00+00:00,DEV_2021_2024,102817.82,102997.77,100000.0,100204.01,97461.86,H4_DISPLACEMENT_EXTREME,-0.027365671293993032,0.027365671293993032,-0.027365671293993032,0.26153382811036135,0.3480852221035925,0.3480852221035925,REV
-1.0,1.0214630759302725,-3.229543648093537,-3.410476552712877,-2.492580470634773,2.2522482307687834,2.207906564981844,0.0521141513696359,-0.8968727415326885,0.442288690219001,139017,2024-12-19 19:45:00+00:00,DEV_2021_2024,100679.86,101200.0,96251.32,97199.72,97116.0,H4_DISPLACEMENT_EXTREME,-0.0008613193535949026,0.0008613193535949026,-0.0008613193535949026,0.24838521693822696,0.33855156567922134,0.33855156567922134,REV
-1.0,-1.5729012168999243,-3.08831997408587,-5.011287926341703,-4.080133768091013,2.016345122368638,1.6013494034529212,0.04033333494026879,0.06540312923014312,-0.9978589232386035,139081,2024-12-20 11:45:00+00:00,DEV_2021_2024,97832.52,97864.91,92612.1,92723.98,98262.08,H4_DISPLACEMENT_EXTREME,0.05972661443926208,-0.05972661443926208,0.05972661443926208,0.28923021077526156,0.425698459098307,0.425698459098307,REV
-1.0,-0.3690056938770014,-2.0745109973359313,-2.541918486512152,-0.8670734909168144,0.8441460111069231,0.12148018685211773,-0.00022193824346313363,-0.8314696123025452,-0.5555702330196022,139385,2024-12-23 15:45:00+00:00,DEV_2021_2024,95932.41,96423.0,93107.52,93250.37,98300.0,H4_DISPLACEMENT_EXTREME,0.05415120024175768,-0.05415120024175768,0.05415120024175768,0.17302742939225743,0.33666996445720954,0.33666996445720954,REV
-1.0,1.4898676773863813,-3.8786224032929275,-2.788565242082253,-1.8652202127807884,2.3964704991517234,3.2802793682880065,0.05581000154342953,-0.8314696123025452,-0.5555702330196022,140825,2025-01-07 15:45:00+00:00,BRIDGE_2025,100830.86,100960.06,97153.5,97952.26,95493.77,H4_DISPLACEMENT_EXTREME,-0.025098859383132055,0.025098859383132055,-0.025098859383132055,0.2144592572085264,0.3247976038564687,0.3247976038564687,REV
-1.0,-0.6122046175919713,-1.6341940779793365,-2.7888370568084517,-1.449433348238207,1.8830238585477082,0.9944216793423784,0.03757740464803063,0.06540312923014312,-0.9978589232386035,141385,2025-01-13 11:45:00+00:00,BRIDGE_2025,93590.24,93661.55,90833.12,90851.22,96548.04,H4_DISPLACEMENT_EXTREME,0.06270481973661779,-0.06270481973661779,0.06270481973661779,0.2633452128427567,0.3359231898575035,0.3359231898575035,REV
-1.0,0.46647912622895965,-4.075109176504732,-4.949174896216393,-1.5058773359282385,2.5411177750068146,2.664910836387554,0.03052401997185809,-0.0654031292301428,0.9978589232386035,142009,2025-01-19 23:45:00+00:00,BRIDGE_2025,106200.0,106422.43,99651.6,101331.57,102260.01,H4_DISPLACEMENT_EXTREME,0.009162396279856155,-0.009162396279856155,0.009162396279856155,0.24413475571003232,0.34666988989605974,0.34666988989605974,REV
-1.0,-0.13284987249992491,-0.5451744223972419,-2.755010724019252,-1.5141098087283276,0.9261947950095032,0.07130687471845545,0.01568802853329808,-0.8968727415326885,0.442288690219001,143145,2025-01-31 19:45:00+00:00,BRIDGE_2025,105464.0,105574.4,102122.0,102312.32,101669.6,H4_DISPLACEMENT_EXTREME,-0.006281844286381455,0.006281844286381455,-0.006281844286381455,0.22695661215895607,0.3494451830153549,0.3494451830153549,REV
-1.0,0.6402994680344608,0.85015481877329,-3.282336974841705,-2.1414595311966957,1.1485454010746592,0.3155842312859032,0.0071050171507100945,0.8314696123025451,0.5555702330196024,143369,2025-02-03 03:45:00+00:00,BRIDGE_2025,97700.59,97782.79,91231.0,94038.74,100629.7,H4_DISPLACEMENT_EXTREME,0.07008759686831234,-0.07008759686831234,0.07008759686831234,0.30097764786701153,0.42799839480231394,0.42799839480231394,REV
-1.0,-0.6566657304254766,-2.631254103603932,-2.9388205671748753,-1.459145628933582,1.5222039219969172,0.7696073429460477,0.012234058914942074,-0.8968727415326885,0.442288690219001,145161,2025-02-21 19:45:00+00:00,BRIDGE_2025,98104.04,98757.0,95247.15,95285.11,96639.99,H4_DISPLACEMENT_EXTREME,0.014219220610649508,-0.014219220610649508,0.014219220610649508,0.21182655804466183,0.3162410390882499,0.3162410390882499,REV
-1.0,1.0720306283045795,-4.475533427221349,-3.182047929418045,-3.2573727783536874,2.506722023587493,1.5752924734236033,0.04798711077051313,0.8968727415326884,-0.44228869021900113,145497,2025-02-25 07:45:00+00:00,BRIDGE_2025,92153.93,92327.88,88200.0,89320.01,88720.02,H4_DISPLACEMENT_EXTREME,-0.006717307801465622,0.006717307801465622,-0.006717307801465622,0.2699068703555994,0.3908449452477572,0.3908449452477572,REV
-1.0,-0.8107856232429126,-0.9157857285240524,-4.355670468153163,-1.9481026886992703,2.2155714883186692,1.4199141494225564,0.06162929400304617,-0.8968727415326885,0.442288690219001,145641,2025-02-26 19:45:00+00:00,BRIDGE_2025,87567.53,87806.62,83418.0,83856.99,84113.98,H4_DISPLACEMENT_EXTREME,0.003064741897454537,-0.003064741897454537,0.003064741897454537,0.32191415134491086,0.32665125874242046,0.32665125874242046,REV
-1.0,-2.378858640520748,-0.7918654991936577,-4.967430274001001,-2.319316899686328,1.5269046066516738,1.8429351871817248,0.024769679465888827,0.8314696123025451,0.5555702330196024,145769,2025-02-28 03:45:00+00:00,BRIDGE_2025,84708.57,84892.85,79532.0,80452.44,85330.84,H4_DISPLACEMENT_EXTREME,0.060631134568316813,-0.060631134568316813,0.060631134568316813,0.31489610878589136,0.4235442541508145,0.4235442541508145,REV
-1.0,-0.9521784009297524,0.40432794876943184,-3.0880707066051305,-0.9336687255670882,0.7973607495000842,1.3229653916429225,0.04909683290065233,-0.8314696123025452,-0.5555702330196022,146777,2025-03-10 15:45:00+00:00,BRIDGE_2025,83582.0,83771.94,79177.03,80043.85,81232.24,H4_DISPLACEMENT_EXTREME,0.014846863918572817,-0.014846863918572817,0.014846863918572817,0.23717042533627156,0.36355580810245647,0.36355580810245647,REV
-1.0,-0.5670917765685787,-0.6034423991790114,-4.600259923021762,-1.0343771160015653,1.0123348642043353,-0.5650883979963913,-0.03227498128776476,-0.0654031292301428,0.9978589232386035,149017,2025-04-02 23:45:00+00:00,BRIDGE_2025,86900.01,88500.0,82320.0,82516.29,83213.09,H4_DISPLACEMENT_EXTREME,0.008444515433802868,-0.008444515433802868,0.008444515433802868,0.23127237813279936,0.3778393420039338,0.3778393420039338,REV
-1.0,0.502652776330682,1.2646652227447672,-3.591768755736843,-1.7310669276845714,0.7700216775321942,1.4450010787486098,0.00501939473420255,-0.8968727415326885,0.442288690219001,149385,2025-04-06 19:45:00+00:00,BRIDGE_2025,82548.36,82554.15,78694.99,79614.35,78130.44,H4_DISPLACEMENT_EXTREME,-0.018638602040788044,0.018638602040788044,-0.018638602040788044,0.2427023473613219,0.39945631024396455,0.39945631024396455,REV
-1.0,-0.5464594436272994,0.8354489254175075,-3.2137263012935207,-4.177444139458893,1.149346067138726,0.5396280584211878,-0.028315064090744628,0.8968727415326884,-0.44228869021900113,149433,2025-04-07 07:45:00+00:00,BRIDGE_2025,77707.78,77984.0,74508.0,75126.01,79496.0,H4_DISPLACEMENT_EXTREME,0.05816880199014962,-0.05816880199014962,0.05816880199014962,0.31492128936825015,0.46954229303100253,0.46954229303100253,REV
-1.0,-1.1382443064666372,-2.85313002477864,-4.170328661843741,-0.2408194553348033,1.5684325759916733,1.0066502566840827,-0.041659999245859676,0.8314696123025451,0.5555702330196024,153449,2025-05-19 03:45:00+00:00,BRIDGE_2025,106454.27,107108.62,103534.47,103605.88,105761.92,H4_DISPLACEMENT_EXTREME,0.020809818745843645,-0.020809818745843645,0.020809818745843645,0.20151468350180568,0.3526829047625943,0.3526829047625943,REV
-1.0,-1.4510962575123096,-2.758924282728918,-3.491473146134448,-1.9677735708782818,0.9855662761997979,0.3650617352650729,-0.029654910682939083,-0.8968727415326885,0.442288690219001,155145,2025-06-05 19:45:00+00:00,BRIDGE_2025,104531.5,104598.87,101596.62,101914.77,104219.8,H4_DISPLACEMENT_EXTREME,0.02261733236677399,-0.02261733236677399,0.02261733236677399,0.1829456147975447,0.35147221725852956,0.35147221725852956,REV
-1.0,-2.1419116887581784,-2.0732548502982318,-5.42694676690199,-2.8570215504661687,2.1266782232823456,1.945746134682609,-0.0015829384595524361,-0.8314696123025452,-0.5555702330196022,156761,2025-06-22 15:45:00+00:00,BRIDGE_2025,102739.47,102831.0,98889.35,98906.21,101420.7,H4_DISPLACEMENT_EXTREME,0.025422973946731764,-0.025422973946731764,0.025422973946731764,0.26986876374564994,0.36214837961066265,0.36214837961066265,REV
-1.0,-0.6098881355567274,-2.8056031191974777,-3.421492158065579,-2.052432188536394,1.4671538580987886,0.8586559024614624,0.024215110294176254,0.8314696123025451,0.5555702330196024,158921,2025-07-15 03:45:00+00:00,BRIDGE_2025,119841.17,119940.83,116840.01,117148.47,117482.67,H4_DISPLACEMENT_EXTREME,0.0028528757441625974,-0.0028528757441625974,0.0028528757441625974,0.24779331336153915,0.39643799453466927,0.39643799453466927,REV
-1.0,0.08663586304160156,-2.568355939988193,-4.305986642660195,-1.9467999573414578,2.3331028207549593,0.7082323365685297,-0.015771570146794634,0.8314696123025451,0.5555702330196024,159881,2025-07-25 03:45:00+00:00,BRIDGE_2025,118340.98,118451.57,115330.86,115419.66,117489.62,H4_DISPLACEMENT_EXTREME,0.01793429455036466,-0.01793429455036466,0.01793429455036466,0.27782090765890344,0.3645754095364112,0.3645754095364112,REV
-1.0,0.41915454327899837,-1.370126324127146,-2.9105653500380813,-1.9886854660761022,1.5154600584466151,0.799034750987752,-0.05100446534722962,-0.8968727415326885,0.442288690219001,160617,2025-08-01 19:45:00+00:00,BRIDGE_2025,115357.82,115695.52,113221.93,113328.68,112229.42,H4_DISPLACEMENT_EXTREME,-0.009699663818520055,0.009699663818520055,-0.009699663818520055,0.20839204240788056,0.3345442109108425,0.3345442109108425,REV
-1.0,0.8305120632403203,-1.404875318958331,-3.6665076036133377,-1.7777173411575868,1.4117970082636286,0.6080706903584481,-0.026572196769477117,-0.8314696123025452,-0.5555702330196022,161849,2025-08-14 15:45:00+00:00,BRIDGE_2025,120949.66,121183.06,117632.0,118257.25,117275.22,H4_DISPLACEMENT_EXTREME,-0.0083042681692439,0.0083042681692439,-0.0083042681692439,0.20241725903668367,0.36177762809152864,0.36177762809152864,REV
-1.0,0.8322186445914379,-0.36479366998691387,-2.9335503553749,-1.4780721739118332,1.6448831204620722,0.8006948386124952,-0.08038397913399122,0.8314696123025451,0.5555702330196024,162185,2025-08-18 03:45:00+00:00,BRIDGE_2025,117405.01,117543.75,115000.0,115319.0,114810.0,H4_DISPLACEMENT_EXTREME,-0.004413843338912038,0.004413843338912038,-0.004413843338912038,0.24025929688566408,0.37189380668083116,0.37189380668083116,REV
-1.0,-2.7634967243111053,-0.7940184162628035,-3.183900966353856,-2.2007111537708752,1.8798683668993492,1.709707707942125,-0.0724700013895581,0.8968727415326884,-0.44228869021900113,165561,2025-09-22 07:45:00+00:00,BRIDGE_2025,114649.89,114649.9,111800.0,112519.99,113090.13,H4_DISPLACEMENT_EXTREME,0.005066921436189142,-0.005066921436189142,0.005066921436189142,0.27270529259999615,0.358136182534844,0.358136182534844,REV
-1.0,-1.1826618431760765,-1.228528101914243,-3.524850365536291,-2.9683379101558636,0.8318376690437187,0.3022495802685376,-0.047276527521686644,-0.8968727415326885,0.442288690219001,165897,2025-09-25 19:45:00+00:00,BRIDGE_2025,111580.77,111672.58,108631.51,109360.0,109172.2,H4_DISPLACEMENT_EXTREME,-0.0017172640819312912,0.0017172640819312912,-0.0017172640819312912,0.20847834039680127,0.38698405402512964,0.38698405402512964,REV
-1.0,0.9146781424200902,-2.6223917551216753,-3.893250265971194,-2.1594982325477603,2.310266774178263,1.9631687623587393,0.01894356483954455,-0.8314696123025452,-0.5555702330196022,167033,2025-10-07 15:45:00+00:00,BRIDGE_2025,124453.37,125126.0,121172.89,121846.01,122189.72,H4_DISPLACEMENT_EXTREME,0.0028208556029041265,-0.0028208556029041265,0.0028208556029041265,0.23896738630926453,0.33911783522626776,0.33911783522626776,REV
-1.0,-1.4800456707118643,-1.6642242965685328,-3.2342093893248793,-2.6270478418210788,1.5882141219010746,1.8036820924544938,-0.05047245040002242,-0.8968727415326885,0.442288690219001,167337,2025-10-10 19:45:00+00:00,BRIDGE_2025,119018.99,119456.28,115952.47,116661.5,111178.31,H4_DISPLACEMENT_EXTREME,-0.04700085289491396,0.04700085289491396,-0.04700085289491396,0.22277276403180019,0.3394390426017025,0.3394390426017025,REV
-1.0,-0.5316595993821578,-2.426916185892142,-4.071885324022195,-2.022267780027192,2.036782112092591,0.6011451816482902,0.0812297615630441,0.8968727415326884,-0.44228869021900113,167961,2025-10-17 07:45:00+00:00,BRIDGE_2025,109176.74,109236.01,105542.09,105633.75,106665.0,H4_DISPLACEMENT_EXTREME,0.00976250488125241,-0.00976250488125241,0.00976250488125241,0.31259135262741994,0.38834077864863425,0.38834077864863425,REV
-1.0,-0.8175455077790732,-1.4919853299492745,-3.391761960950887,-0.8065706204314931,0.6454804035437289,0.05584231020316592,0.024685924159745083,-0.0654031292301428,0.9978589232386035,168409,2025-10-21 23:45:00+00:00,BRIDGE_2025,111780.4,111801.41,108045.81,108297.67,107567.44,H4_DISPLACEMENT_EXTREME,-0.006742712631094716,0.006742712631094716,-0.006742712631094716,0.21220007237895894,0.37620602775396494,0.37620602775396494,REV
-1.0,-1.1579843276304849,-2.033768474460473,-2.4436815652853787,-0.7220746220410795,0.7142897006390597,0.03641940116268631,-0.045480081913957096,0.8314696123025451,0.5555702330196024,169577,2025-11-03 03:45:00+00:00,BRIDGE_2025,110540.69,110750.0,107907.44,107937.45,107158.79,H4_DISPLACEMENT_EXTREME,-0.007213992919047119,0.007213992919047119,-0.007213992919047119,0.18516028099798112,0.37114610738334536,0.37114610738334536,REV
-1.0,0.3746163776822497,-0.47855702144177964,-2.5266523057639536,-1.0331061488026188,0.7832315092405802,-0.22571530091926023,-0.012305317703253112,0.8968727415326884,-0.44228869021900113,169689,2025-11-04 07:45:00+00:00,BRIDGE_2025,107158.79,107299.0,104200.0,104490.72,101993.02,H4_DISPLACEMENT_EXTREME,-0.023903651548802363,0.023903651548802363,-0.023903651548802363,0.21949128189938785,0.40347985392622837,0.40347985392622837,REV
-1.0,-1.104596714609036,-1.5633061975997085,-2.5518893356203045,-2.4971969268972822,1.271347689519985,0.8204071997569378,-0.0025888857311182406,-0.8968727415326885,0.442288690219001,169737,2025-11-04 19:45:00+00:00,BRIDGE_2025,103197.02,103500.05,100010.73,100542.64,104008.09,H4_DISPLACEMENT_EXTREME,0.03446746574388726,-0.03446746574388726,0.03446746574388726,0.23094935258710758,0.34159132352826327,0.34159132352826327,REV
-1.0,-0.9687833979403285,0.23718969299500445,-2.7794090859980582,-1.1038973378946473,1.1806023909255747,1.353665051443094,-0.030093871010870722,-0.8968727415326885,0.442288690219001,170601,2025-11-13 19:45:00+00:00,BRIDGE_2025,101382.63,101540.93,98147.4,98682.14,95778.29,H4_DISPLACEMENT_EXTREME,-0.02942619904941257,0.02942619904941257,-0.02942619904941257,0.22725929516770155,0.3259466635855341,0.3259466635855341,REV
-1.0,1.1390674738427116,1.1083498952684319,-3.137186599103542,-0.7395588848849802,0.9006941919798929,1.3304631984268274,-0.06241462347393788,-0.8968727415326885,0.442288690219001,171273,2025-11-20 19:45:00+00:00,BRIDGE_2025,89869.88,89911.73,86100.0,86921.28,84209.3,H4_DISPLACEMENT_EXTREME,-0.031200303447015965,0.031200303447015965,-0.031200303447015965,0.19783227459794703,0.35892621423411597,0.35892621423411597,REV
-1.0,-0.3993881261356328,-0.7367590822518105,-3.938304765738424,-1.7748373882500506,1.0624045486481137,-0.3306177119990597,0.01597060234567143,0.8314696123025451,0.5555702330196024,172265,2025-12-01 03:45:00+00:00,BRIDGE_2025,90360.01,90417.0,86161.61,86346.13,86976.99,H4_DISPLACEMENT_EXTREME,0.0073061757371175595,-0.0073061757371175595,0.0073061757371175595,0.2719172078513463,0.4188728039995305,0.4188728039995305,REV
-1.0,-0.6894551116288903,-2.0618971707869482,-2.5424613772585003,-0.7339194023756943,1.2991425455993804,1.3933545252472646,-0.030048372233257258,-0.8314696123025452,-0.5555702330196022,173657,2025-12-15 15:45:00+00:00,BRIDGE_2025,89641.28,89876.42,86621.91,87033.22,87977.43,H4_DISPLACEMENT_EXTREME,0.010848962137556262,-0.010848962137556262,0.010848962137556262,0.17460539243241166,0.3136617171129243,0.3136617171129243,REV
-1.0,-1.3409632402078335,-3.033288681256088,-3.2335804793469447,-2.137903049408097,1.7061282135414844,1.9481184756242524,0.02895114429366252,-0.8968727415326885,0.442288690219001,177609,2026-01-25 19:45:00+00:00,OOS_2026,88446.51,88448.85,86194.85,86495.16,88013.19,H4_DISPLACEMENT_EXTREME,0.017550344140603524,-0.017550344140603524,0.017550344140603524,0.2274102974320982,0.3298285028035431,0.3298285028035431,REV
-1.0,1.9233559687346657,-6.408323140327284,-4.888532098750416,-3.3838663802643123,2.5940416502791086,3.4637862915153512,-0.03405182980457492,-0.8314696123025452,-0.5555702330196022,177977,2026-01-29 15:45:00+00:00,OOS_2026,87846.5,88182.29,84366.56,84934.02,82883.94,H4_DISPLACEMENT_EXTREME,-0.024137324478459843,0.024137324478459843,-0.024137324478459843,0.1611626873732913,0.3811122157329359,0.3811122157329359,REV
-1.0,1.0879815358628153,1.5915917984124064,-3.0814469918955143,-3.590483953451535,1.1680034137445978,0.5834043174736674,-0.05572986573627324,0.8314696123025451,0.5555702330196024,178025,2026-01-30 03:45:00+00:00,OOS_2026,84650.16,84735.75,81118.0,82676.43,84022.69,H4_DISPLACEMENT_EXTREME,0.016283602991034263,-0.016283602991034263,0.016283602991034263,0.3044138449501663,0.4602323502556298,0.4602323502556298,REV
-1.0,-0.22864298326576304,-0.5075417647409408,-2.661370085404846,-0.9271241313315611,0.9479467945453758,0.4477889165331684,-0.06883801374198492,-0.8314696123025452,-0.5555702330196022,178169,2026-01-31 15:45:00+00:00,OOS_2026,83020.0,83140.0,80825.76,81302.15,77593.4,H4_DISPLACEMENT_EXTREME,-0.045616992217673014,0.045616992217673014,-0.045616992217673014,0.1767715137829119,0.33482786805011705,0.33482786805011705,REV
-1.0,1.3979209097630096,-0.8375786029454902,-5.347380839297346,-4.039328286440603,1.4017583979096482,1.8119958941352967,-0.050693329595018315,-0.8968727415326885,0.442288690219001,178185,2026-01-31 19:45:00+00:00,OOS_2026,81302.16,82200.0,75719.9,77750.01,77174.78,H4_DISPLACEMENT_EXTREME,-0.007398455640069912,0.007398455640069912,-0.007398455640069912,0.23300548061711207,0.45706821002139103,0.45706821002139103,REV
-1.0,0.14508897753114283,5.144328027785102,-4.36731366297104,-1.7777730391510025,1.3645931419300654,2.441920200344954,-0.1026526933086244,-0.8968727415326885,0.442288690219001,178473,2026-02-03 19:45:00+00:00,OOS_2026,78132.34,78134.53,72945.5,74935.0,73923.29,H4_DISPLACEMENT_EXTREME,-0.013501167678654946,0.013501167678654946,-0.013501167678654946,0.31110338548683364,0.3825504319032021,0.3825504319032021,REV
-1.0,-1.1594707891723144,-0.5510159621605889,-2.532311483392325,-2.0717851085247547,1.3954386193874992,1.572724517582333,-0.10043905406869925,-0.8314696123025452,-0.5555702330196022,178553,2026-02-04 15:45:00+00:00,OOS_2026,76017.25,76260.85,73794.11,74136.36,67489.07,H4_DISPLACEMENT_EXTREME,-0.08966449445670999,0.08966449445670999,-0.08966449445670999,0.19660454517145456,0.33024496515295026,0.33024496515295026,REV
-1.0,-1.1298227876711926,-0.5715145248168726,-2.636910235374909,-2.9868943856092796,1.3394767570630743,0.6578873567889963,-0.12928670634036973,0.8314696123025451,0.5555702330196024,178601,2026-02-05 03:45:00+00:00,OOS_2026,73165.84,73341.18,71152.78,71223.25,64168.33,H4_DISPLACEMENT_EXTREME,-0.09905360960079745,0.09905360960079745,-0.09905360960079745,0.23441963139078406,0.39199801975236087,0.39199801975236087,REV
-1.0,-0.12360293222291785,-5.250088462399288,-3.9279449662366046,-3.5599795855272327,2.652250487984214,4.827781342029057,-0.10026547626756971,-0.8314696123025452,-0.5555702330196022,178649,2026-02-05 15:45:00+00:00,OOS_2026,70318.35,70872.04,66720.15,67489.07,68626.0,H4_DISPLACEMENT_EXTREME,0.016845984565206695,-0.016845984565206695,0.016845984565206695,0.16394985898778755,0.3491799424712739,0.3491799424712739,REV
-1.0,-2.8577537165754974,-2.9876045524126913,-3.062174705840383,-4.663438247298312,1.8478298717594794,2.3886143906508215,-0.11611961377651064,-0.8968727415326885,0.442288690219001,178665,2026-02-05 19:45:00+00:00,OOS_2026,67489.08,68681.81,65200.0,65265.65,70731.46,H4_DISPLACEMENT_EXTREME,0.08374695054029946,-0.08374695054029946,0.08374695054029946,0.21397460034271648,0.35012471862795974,0.35012471862795974,REV
-1.0,-3.018312415422029,-2.7832782955590685,-3.2085754864076748,-5.341931632397068,1.902148822950513,3.126904707454675,-0.10535533876881686,-0.0654031292301428,0.9978589232386035,178681,2026-02-05 23:45:00+00:00,OOS_2026,65265.66,65700.0,62345.0,62909.86,70580.26,H4_DISPLACEMENT_EXTREME,0.12192665475226683,-0.12192665475226683,0.12192665475226683,0.2507420794172098,0.39445441243628265,0.39445441243628265,REV
-1.0,-0.32606697643959903,0.40057704811400974,-2.972328221940908,-1.1290451142353897,-0.12461065095086513,-0.7420591449818487,-0.002859268051639513,0.8314696123025451,0.5555702330196024,180329,2026-02-23 03:45:00+00:00,OOS_2026,67643.39,67684.86,64290.71,64934.17,63595.51,H4_DISPLACEMENT_EXTREME,-0.020615798952108078,0.020615798952108078,-0.020615798952108078,0.2149188534903518,0.451286478310942,0.451286478310942,REV
-1.0,-0.31706065175097886,0.5139472862170178,-2.368299090486371,-1.419623957684681,0.44971714846479743,-0.5153684775528912,-0.02897640455897341,0.06540312923014312,-0.9978589232386035,183433,2026-03-27 11:45:00+00:00,OOS_2026,68540.49,68635.07,66231.96,66702.78,66319.47,H4_DISPLACEMENT_EXTREME,-0.005746537100852378,0.005746537100852378,-0.005746537100852378,0.20984959415633148,0.39542487899043677,0.39542487899043677,REV
-1.0,-0.33764758666900385,-2.099585236477899,-2.774467413634102,-0.33617320842164056,1.2421980954328204,0.8416218344111042,0.018331399468734175,-0.8314696123025452,-0.5555702330196022,186617,2026-04-29 15:45:00+00:00,OOS_2026,77590.04,77596.39,75705.32,75924.25,76473.6,H4_DISPLACEMENT_EXTREME,0.007235633837098687,-0.007235633837098687,0.007235633837098687,0.1865290592862217,0.31572870542022435,0.31572870542022435,REV
-1.0,-1.211280583750539,-1.8679359298760447,-2.9567778625341408,-2.3511328187670197,1.3398722415812794,0.6246812206722047,-0.019103776353493786,-0.8314696123025452,-0.5555702330196022,189785,2026-06-01 15:45:00+00:00,OOS_2026,72480.0,72610.0,71066.33,71129.62,67304.28,H4_DISPLACEMENT_EXTREME,-0.05377984586449358,0.05377984586449358,-0.05377984586449358,0.21359574532387315,0.34470994664834165,0.34470994664834165,REV
-1.0,0.2647246682926009,-3.0977969908566987,-4.784071508546427,-3.372243956315097,1.494349816184326,2.1149524998194233,0.009957420048208113,-0.8314696123025452,-0.5555702330196022,189881,2026-06-02 15:45:00+00:00,OOS_2026,69461.73,69548.13,67076.0,67304.28,66076.01,H4_DISPLACEMENT_EXTREME,-0.018249653922506215,0.018249653922506215,-0.018249653922506215,0.20661088955999568,0.4239136931121436,0.4239136931121436,REV
-1.0,-0.9903108576572983,-3.4180519308233968,-2.967593342706451,-1.9646093909832092,1.1970460045839462,0.9497316975072361,-0.0550184868671167,-0.0654031292301428,0.9978589232386035,190009,2026-06-03 23:45:00+00:00,OOS_2026,65461.99,65860.0,64092.49,64142.75,63885.99,H4_DISPLACEMENT_EXTREME,-0.004002946552806086,0.004002946552806086,-0.004002946552806086,0.17910343554188968,0.35822621905379304,0.35822621905379304,REV
-1.0,0.5890187242135654,-1.6621432683871618,-3.1409563807576384,-2.5678369809599753,2.0566391368525805,2.2153519997137963,-0.09778598029261419,-0.8314696123025452,-0.5555702330196022,190169,2026-06-05 15:45:00+00:00,OOS_2026,61964.99,62457.86,60000.0,60438.01,60784.0,H4_DISPLACEMENT_EXTREME,0.005724875078592984,-0.005724875078592984,0.005724875078592984,0.19917594494606627,0.33745259612355566,0.33745259612355566,REV
-1.0,-1.283144725082135,-1.3656705420174007,-2.8820619338416273,-1.6777360344159418,1.3456822587765904,1.2701046715108326,-0.058632286262008386,-0.8314696123025452,-0.5555702330196022,190553,2026-06-09 15:45:00+00:00,OOS_2026,62711.12,62895.18,61037.0,61131.84,62639.23,H4_DISPLACEMENT_EXTREME,0.024657850204108156,-0.024657850204108156,0.024657850204108156,0.19445919292354816,0.32964714198373957,0.32964714198373957,REV
-1.0,2.2943751436449817,0.3460883113646936,-2.7731529334138583,-0.1617887099408813,1.0975368849809177,1.751990820649436,0.07287189349713702,-0.8314696123025452,-0.5555702330196022,192089,2026-06-25 15:45:00+00:00,OOS_2026,61282.0,61761.35,58115.01,59557.99,60328.32,H4_DISPLACEMENT_EXTREME,0.012934116816232466,-0.012934116816232466,0.012934116816232466,0.22323447813977942,0.3618013875946154,0.3618013875946154,REV
-1.0,0.5814946778930629,-0.17670289137338038,-2.8325604512221507,-1.802207293171349,-0.08549867347456966,-0.2605708689582866,-0.011543789717232624,-0.0654031292301428,0.9978589232386035,195193,2026-07-27 23:45:00+00:00,OOS_2026,64983.99,65056.0,63605.56,63755.86,63915.0,H4_DISPLACEMENT_EXTREME,0.0024960842815076045,-0.0024960842815076045,0.0024960842815076045,0.19210504986333313,0.4423123145063886,0.4423123145063886,REV
-1.0,-0.4205807849510792,0.13820377183466906,-2.5787923620880546,-2.2005781903769566,0.36672087232039013,-0.17924512358196754,0.05576439335785651,-0.8314696123025452,-0.5555702330196022,195545,2026-07-31 15:45:00+00:00,OOS_2026,63805.5,63849.19,62466.0,62716.57,63007.06,H4_DISPLACEMENT_EXTREME,0.004631790290827498,-0.004631790290827498,0.004631790290827498,0.23570806775425518,0.4010038213093228,0.4010038213093228,REV
