impulse_dir,btc_z15,btc_z60,btc_z4h,btc_z24h,btc_vol_z,btc_range_z,btc_corr7d_lag,hour_sin,hour_cos,event_i,event_time,split,event_open,event_high,event_low,event_close,common_exit,parent_family,raw_24h,cont_24h,rev_24h
-1.0,1.255120500926931,1.1243401828727202,-2.015709903255506,-1.8186373496301136,0.7013945177336529,2.043296887885443,-0.018804533437170427,0.8314696123025451,0.5555702330196024,5098,2021-02-23 03:45:00+00:00,DEV_2021_2024,54087.67,54183.59,50901.0,51906.36,50874.99,H4_FAILED_EXTENSION,-0.019763498509558608,0.019763498509558608,-0.019763498509558608
-1.0,-1.311512542181035,1.9619974921041097,-2.536371793031265,-1.4880344348335628,0.9147355489975323,1.5013982166936573,-0.0034456050237262783,0.06540312923014312,-0.9978589232386035,37230,2022-01-24 11:45:00+00:00,DEV_2021_2024,34887.9,35562.15,33029.54,33697.11,36406.0,H4_FAILED_EXTENSION,0.08038906589049732,-0.08038906589049732,0.08038906589049732
1.0,-2.2229952745074533,-2.389587247543004,2.704106211930555,-1.5665615951314706,1.53235420228215,1.329679435537801,0.02624267745233386,0.8968727415326884,-0.44228869021900113,47390,2022-05-10 07:45:00+00:00,DEV_2021_2024,30642.55,32658.99,30600.0,31609.78,30614.99,H4_FAILED_EXTENSION,-0.03147126254239585,-0.03147126254239585,0.03147126254239585
1.0,-0.34954726167888217,-1.4724914136814098,2.491913041390334,0.23209607797001558,1.2848791705985718,0.12113408492490078,0.030789614083206747,0.06540312923014312,-0.9978589232386035,47502,2022-05-11 11:45:00+00:00,DEV_2021_2024,30614.99,32162.59,30376.61,31533.15,28472.98,H4_FAILED_EXTENSION,-0.09704583812458889,-0.09704583812458889,0.09704583812458889
-1.0,2.7858195913742136,1.3339380895880644,-2.1979694061995985,-3.8451394002600305,0.7371960866652226,2.1385419188445614,0.01675014698301395,0.06540312923014312,-0.9978589232386035,64974,2022-11-09 11:45:00+00:00,DEV_2021_2024,18239.34,18256.85,17250.33,17818.08,16397.57,H4_FAILED_EXTENSION,-0.0796707876210847,0.0796707876210847,-0.0796707876210847
-1.0,-3.1020203928809646,1.9194315255204701,-1.716213226643971,-2.8441782755921112,0.703678909755441,2.780082066741586,-0.013095249452183443,-0.8968727415326885,0.442288690219001,65006,2022-11-09 19:45:00+00:00,DEV_2021_2024,17119.61,17333.33,16441.53,16784.64,17455.62,H4_FAILED_EXTENSION,0.03997583504918789,-0.03997583504918789,0.03997583504918789
1.0,-0.5678287415756691,-1.5579087880877973,2.1684185993121843,2.43835111810913,0.8954378782250765,-0.14971776072905146,0.07121525897443545,-0.8314696123025452,-0.5555702330196022,68254,2022-12-13 15:45:00+00:00,DEV_2021_2024,17444.32,18000.0,17395.0,17752.94,18061.83,H4_FAILED_EXTENSION,0.01736498748981896,0.01736498748981896,-0.01736498748981896
1.0,-1.5934581034565505,-2.707319374361007,1.9547327058782902,1.013827537956238,1.2247941121510528,1.5530067538520111,-0.08682084705965552,-0.8968727415326885,0.442288690219001,76814,2023-03-12 19:45:00+00:00,DEV_2021_2024,20359.59,21331.75,20341.85,20779.54,24279.91,H4_FAILED_EXTENSION,0.16845271839511367,0.16845271839511367,-0.16845271839511367
1.0,-1.2249372021378129,-1.205754803747049,1.895221523418779,3.999915023195806,1.3308320144916914,0.5858706093945288,0.2539832159254597,-0.8968727415326885,0.442288690219001,93129,2023-08-29 19:45:00+00:00,DEV_2021_2024,27423.44,28142.85,27350.01,27831.33,27178.28,H4_FAILED_EXTENSION,-0.02346456313801759,-0.02346456313801759,0.02346456313801759
1.0,-5.086723367074626,-3.5181926029683206,3.337187836593072,5.191163655105194,2.8608477985886838,3.620551929496414,-0.0862258551206982,0.8314696123025451,0.5555702330196024,98441,2023-10-24 03:45:00+00:00,DEV_2021_2024,33069.99,35280.0,32832.34,34061.6,33999.39,H4_FAILED_EXTENSION,-0.0018261038313243105,-0.0018261038313243105,0.0018261038313243105
1.0,-6.7897669449731035,-2.7250841325436026,2.3266834187948473,3.7012564728915387,2.5604214861871335,6.988769958924906,0.07173358384413636,0.8314696123025451,0.5555702330196024,110537,2024-02-27 03:45:00+00:00,DEV_2021_2024,54476.48,57073.84,54450.13,55667.6,56916.4,H4_FAILED_EXTENSION,0.022433156809346988,0.022433156809346988,-0.022433156809346988
-1.0,-0.29368659572635303,0.9960601313861941,-2.00870374129083,-0.08527227097536523,0.0934324906290344,0.21574075813331187,0.10112062291945555,0.8314696123025451,0.5555702330196024,115529,2024-04-19 03:45:00+00:00,DEV_2021_2024,63470.09,63470.09,59600.01,61785.14,63956.0,H4_FAILED_EXTENSION,0.03513563293698119,-0.03513563293698119,0.03513563293698119
1.0,-0.7781434056016117,-1.538016333245081,2.5166928901250976,0.1256310152089713,0.4025516608409565,0.618322712770622,-0.00525207929474336,-0.8968727415326885,0.442288690219001,121257,2024-06-17 19:45:00+00:00,DEV_2021_2024,65368.0,67298.81,65138.0,66691.99,64412.19,H4_FAILED_EXTENSION,-0.03418401520182568,-0.03418401520182568,0.03418401520182568
1.0,-1.264384313687398,-1.4758429711345737,2.611583740168197,3.179062619585586,0.8710890608121191,0.42934863249703814,-0.009568536132145245,-0.0654031292301428,0.9978589232386035,126265,2024-08-08 23:45:00+00:00,DEV_2021_2024,59414.52,62745.14,59297.34,61685.99,60837.99,H4_FAILED_EXTENSION,-0.013747203579418388,-0.013747203579418388,0.013747203579418388
-1.0,-2.4902984765316307,1.4603349863890807,-2.322149393506915,1.1316544040006704,1.2674406475423896,1.7917926369345298,0.0776383239479725,-0.8314696123025452,-0.5555702330196022,146105,2025-03-03 15:45:00+00:00,BRIDGE_2025,92740.0,93721.37,89117.0,90035.37,82985.06,H4_FAILED_EXTENSION,-0.07830610588859632,0.07830610588859632,-0.07830610588859632
1.0,-2.0863861631111953,-1.2671948685428005,2.2586432071869202,-1.9531451038028176,1.3097343208519843,1.0023976038930427,-0.057153865088598266,-0.8314696123025452,-0.5555702330196022,149465,2025-04-07 15:45:00+00:00,BRIDGE_2025,76685.62,81243.58,75789.01,78479.9,78497.99,H4_FAILED_EXTENSION,0.00023037743035136948,0.00023037743035136948,-0.00023037743035136948
-1.0,1.0879815358628153,1.5915917984124064,-3.0814469918955143,-3.590483953451535,1.1680034137445978,0.5834043174736674,-0.05572986573627324,0.8314696123025451,0.5555702330196024,178025,2026-01-30 03:45:00+00:00,OOS_2026,84650.16,84735.75,81118.0,82676.43,84022.69,H4_FAILED_EXTENSION,0.016283602991034263,-0.016283602991034263,0.016283602991034263
-1.0,0.14508897753114283,5.144328027785102,-4.36731366297104,-1.7777730391510025,1.3645931419300654,2.441920200344954,-0.1026526933086244,-0.8968727415326885,0.442288690219001,178473,2026-02-03 19:45:00+00:00,OOS_2026,78132.34,78134.53,72945.5,74935.0,73923.29,H4_FAILED_EXTENSION,-0.013501167678654946,0.013501167678654946,-0.013501167678654946
-1.0,-0.9470930128779224,1.3858679154881492,-2.0287644975606827,-1.3670628316830986,0.6491426286650085,-0.20375482888737947,0.045643015290997645,0.8968727415326884,-0.44228869021900113,180825,2026-02-28 07:45:00+00:00,OOS_2026,65797.42,65818.44,63030.0,63826.0,67141.39,H4_FAILED_EXTENSION,0.05194435683645482,-0.05194435683645482,0.05194435683645482
